UF;zona;lat;long;status
AC;1;0;0;error
AC;2;-10.6618509;-68.4924762;ok
AC;3;-9.063471;-68.6585078;ok
AC;4;-7.599706599999999;-72.68335259999999;ok
AC;5;-8.160905999999999;-70.7704062;ok
AC;6;-11.015186;-68.743701;ok
AC;7;0;0;error
AC;8;0;0;error
AC;9;0;0;error
AL;1;-9.618295999999999;-35.7394826;ok
AL;2;-9.618295999999999;-35.7394826;ok
AL;3;-9.618295999999999;-35.7394826;ok
AL;4;-9.6829234;-36.3014988;ok
AL;5;-9.373151;-36.2438311;ok
AL;6;-9.511475899999999;-36.00346150000001;ok
AL;7;0;0;error
AL;8;-9.606611299999999;-35.9549665;ok
AL;9;-9.309531;-35.9420041;ok
AL;10;-9.405597799999999;-36.6305095;ok
AL;11;-9.7499755;-37.4361271;ok
AL;12;-9.242858199999999;-35.4906197;ok
AL;13;-10.2839934;-36.5625625;ok
AL;14;-9.0603217;-35.3916609;ok
AL;15;-9.5105459;-35.8127251;ok
AL;16;-9.008064899999999;-36.05881;ok
AL;17;-9.3185979;-35.5609342;ok
AL;18;-9.7796665;-36.1018775;ok
AL;19;0;0;error
AL;20;-9.9711683;-37.00360879999999;ok
AL;21;-9.158356;-36.0322257;ok
AL;22;-9.7429574;-36.6454089;ok
AL;23;0;0;error
AL;24;-8.911192999999999;-35.71994670000001;ok
AL;25;0;0;error
AL;26;-9.7195997;-35.8964094;ok
AL;27;-9.1171686;-37.731707;ok
AL;28;-9.322362799999999;-36.4752336;ok
AL;29;-9.6731679;-37.1293364;ok
AL;30;-10.1260802;-36.6594638;ok
AL;31;-9.538335199999999;-36.9949277;ok
AL;32;-9.6118714;-37.7615545;ok
AL;33;-9.618295999999999;-35.7394826;ok
AL;34;-9.9096237;-36.3538178;ok
AL;35;-9.9209722;-36.4738882;ok
AL;36;-9.7403145;-36.5035223;ok
AL;37;-10.1824927;-36.8329391;ok
AL;38;-10.4071184;-36.42526;ok
AL;39;-9.261441099999999;-37.9366053;ok
AL;40;-9.3675938;-38.1903673;ok
AL;41;-9.6010073;-35.8227006;ok
AL;42;-9.5315429;-37.2949009;ok
AL;43;-9.5734031;-36.3032823;ok
AL;44;-9.8832402;-36.82170540000001;ok
AL;45;-9.538800499999999;-36.6349654;ok
AL;46;-9.4010262;-36.9899722;ok
AL;47;-9.7850977;-36.3499678;ok
AL;48;-9.6441923;-36.2147842;ok
AL;49;0;0;error
AL;50;0;0;error
AL;51;-9.5532085;-37.3774989;ok
AL;52;-9.1576078;-35.5346727;ok
AL;53;-9.1332287;-35.7477041;ok
AL;54;-9.618295999999999;-35.7394826;ok
AL;55;-9.7429574;-36.6454089;ok
AM;1;-3.1080572;-60.00844359999999;ok
AM;2;-3.1080572;-60.00844359999999;ok
AM;3;0;0;error
AM;4;-2.627689;-56.7434999;ok
AM;5;-3.3966882;-57.7175441;ok
AM;6;-3.3040639;-60.6178171;ok
AM;7;-3.842263;-62.0650223;ok
AM;8;-4.0923627;-63.1380804;ok
AM;9;-3.3459481;-64.70673359999999;ok
AM;10;-2.514308;-66.0986477;ok
AM;11;0;0;error
AM;12;0;0;error
AM;13;-7.317529699999999;-63.95861110000001;ok
AM;14;-8.7725226;-67.33219919999999;ok
AM;15;-4.3865689;-59.59206990000001;ok
AM;16;-5.8051727;-61.29753729999999;ok
AM;17;-7.5176526;-63.0266665;ok
AM;18;0;0;error
AM;19;-0.1325714;-67.0866874;ok
AM;20;-4.3786136;-70.0263581;ok
AM;21;-4.8737585;-66.89483609999999;ok
AM;22;-3.4679077;-68.95074860000001;ok
AM;23;-3.8241374;-60.36239269999999;ok
AM;24;-2.7475383;-58.0214401;ok
AM;25;-3.1298688;-58.1501501;ok
AM;26;-2.8282373;-56.88492919999999;ok
AM;27;0;0;error
AM;28;-3.8874751;-59.0924795;ok
AM;29;-5.1179092;-60.37757910000001;ok
AM;30;-0.4149822;-65.02135919999999;ok
AM;31;0;0;error
AM;32;-3.1070776;-60.00912209999999;ok
AM;33;0;0;error
AM;34;-2.6367335;-60.94391049999999;ok
AM;35;-3.584515;-59.1293499;ok
AM;36;-4.2256355;-69.9325645;ok
AM;37;-3.1080572;-60.00844359999999;ok
AM;38;-5.6206078;-63.188717;ok
AM;39;-2.8346094;-58.2208528;ok
AM;40;-3.1080572;-60.00844359999999;ok
AM;41;0;0;error
AM;42;-4.3730693;-70.1789185;ok
AM;43;-2.1899617;-56.7121355;ok
AM;44;0;0;error
AM;45;-7.0523254;-71.69406169999999;ok
AM;46;-7.440551800000001;-70.024716;ok
AM;47;-3.0999493;-67.9499084;ok
AM;48;-1.8797844;-66.9989354;ok
AM;49;-1.8617906;-65.5913151;ok
AM;50;-3.4776775;-66.0715384;ok
AM;51;0;0;error
AM;52;0;0;error
AM;53;0;0;error
AM;54;0;0;error
AM;55;-3.3290958;-61.21003210000001;ok
AM;56;-3.280588;-60.185056;ok
AM;57;-2.5706991;-57.8693377;ok
AM;58;-3.1070776;-60.00912209999999;ok
AM;59;-3.1080572;-60.00844359999999;ok
AM;60;-3.8941879;-59.0996076;ok
AM;61;-3.1967075;-59.825638;ok
AM;62;-3.1070411;-60.0093007;ok
AM;63;-3.1080572;-60.00844359999999;ok
AM;64;-2.9680368;-57.5884163;ok
AM;65;-3.1080572;-60.00844359999999;ok
AM;66;0;0;error
AM;67;0;0;error
AM;68;-3.1080572;-60.00844359999999;ok
AM;69;0;0;error
AM;70;-3.1080572;-60.00844359999999;ok
AP;1;2.0527587;-50.792386;ok
AP;2;0.0340239;-51.0625976;ok
AP;3;2.4935177;-50.9532173;ok
AP;4;3.8462027;-51.8360601;ok
AP;5;-0.1151761;-51.2893895;ok
AP;6;-0.0528705;-51.15939669999999;ok
AP;7;-0.8447296;-52.5240433;ok
AP;8;1.5111419;-50.9133522;ok
AP;9;0.8590578;-51.1827151;ok
AP;10;0.06697779999999999;-51.0870587;ok
AP;11;0.9396401999999999;-51.9967139;ok
AP;12;0.7084358;-51.4059095;ok
AP;13;-0.9212714000000001;-52.4125659;ok
BA;1;-12.955509;-38.4343886;ok
BA;2;-12.955509;-38.4343886;ok
BA;3;-12.9485698;-38.42927110000001;ok
BA;4;-12.955509;-38.4343886;ok
BA;5;-12.9485698;-38.42927110000001;ok
BA;6;-12.955509;-38.4343886;ok
BA;7;-12.955509;-38.4343886;ok
BA;8;-12.955509;-38.4343886;ok
BA;9;-12.955509;-38.4343886;ok
BA;10;-12.955509;-38.4343886;ok
BA;11;-12.955509;-38.4343886;ok
BA;12;-12.955509;-38.4343886;ok
BA;13;-12.955509;-38.4343886;ok
BA;14;-12.955509;-38.4343886;ok
BA;15;-12.9622202;-38.4993138;ok
BA;16;-12.8755354;-38.4639065;ok
BA;17;-12.955509;-38.4343886;ok
BA;18;-12.955509;-38.4343886;ok
BA;19;-12.955509;-38.4343886;ok
BA;21;-11.8012406;-37.9455811;ok
BA;22;-13.8744518;-40.0735031;ok
BA;23;0;0;error
BA;24;-14.1330121;-39.7346814;ok
BA;25;0;0;error
BA;26;-14.7863224;-39.0593471;ok
BA;27;-14.7879985;-39.2720059;ok
BA;28;0;0;error
BA;29;0;0;error
BA;30;-13.004071;-38.5298722;ok
BA;31;0;0;error
BA;32;-13.7255322;-39.1464364;ok
BA;33;-12.7870345;-38.403295;ok
BA;34;0;0;error
BA;35;-18.0785962;-39.5446065;ok
BA;36;-13.0321636;-39.5996879;ok
BA;37;0;0;error
BA;38;-13.2693777;-39.6618906;ok
BA;39;-14.8703105;-40.820528;ok
BA;40;-14.8703105;-40.820528;ok
BA;41;-14.8710835;-40.8198048;ok
BA;42;-12.536744;-40.298165;ok
BA;43;0;0;error
BA;44;-11.7892612;-38.3606659;ok
BA;45;-10.4619074;-40.1854186;ok
BA;46;-11.1899362;-40.5288785;ok
BA;47;-9.430029800000002;-40.4999463;ok
BA;48;-9.430294199999999;-40.5007385;ok
BA;49;-11.4881155;-37.9254722;ok
BA;50;0;0;error
BA;51;-9.876859699999999;-38.9108428;ok
BA;52;0;0;error
BA;53;0;0;error
BA;54;-11.8545183;-40.4717578;ok
BA;55;0;0;error
BA;56;0;0;error
BA;57;0;0;error
BA;58;-13.8189367;-41.2953372;ok
BA;59;0;0;error
BA;60;-14.8964007;-41.9702348;ok
BA;61;0;0;error
BA;62;-12.161769;-39.7459861;ok
BA;63;-14.0717812;-42.4812636;ok
BA;64;-14.2180442;-42.7849436;ok
BA;65;0;0;error
BA;66;0;0;error
BA;67;0;0;error
BA;68;0;0;error
BA;69;0;0;error
BA;70;0;0;error
BA;71;-13.258807;-43.4060487;ok
BA;72;0;0;error
BA;73;0;0;error
BA;74;-12.0392915;-38.7676303;ok
BA;75;0;0;error
BA;76;-13.5258379;-39.9688897;ok
BA;77;-11.095977;-43.1595699;ok
BA;78;-13.9443203;-39.1045534;ok
BA;79;-11.2409978;-38.4788574;ok
BA;80;0;0;error
BA;81;-11.3607979;-38.3247855;ok
BA;82;-10.5939527;-38.38523259999999;ok
BA;83;0;0;error
BA;84;-9.399509799999999;-38.2255376;ok
BA;85;0;0;error
BA;86;0;0;error
BA;87;0;0;error
BA;88;-12.4318627;-41.7703237;ok
BA;89;-12.5637777;-41.3885745;ok
BA;90;-14.2075064;-41.6773539;ok
BA;91;-15.5634987;-40.4251643;ok
BA;92;-14.8502563;-42.4330878;ok
BA;93;0;0;error
BA;94;-12.3174769;-42.894417;ok
BA;95;-11.2974519;-41.8484011;ok
BA;96;-10.0451021;-41.7606472;ok
BA;97;-11.0062749;-44.52226659999999;ok
BA;98;-12.0231953;-44.2569588;ok
BA;99;-12.9847346;-44.0441291;ok
BA;100;-12.3591865;-44.9821846;ok
BA;101;0;0;error
BA;102;0;0;error
BA;103;-11.4287475;-40.5963536;ok
BA;104;0;0;error
BA;105;0;0;error
BA;106;0;0;error
BA;107;0;0;error
BA;108;0;0;error
BA;109;-13.2288403;-39.5047077;ok
BA;110;-10.8395099;-38.5335374;ok
BA;111;-13.447023;-42.244755;ok
BA;112;0;0;error
BA;113;0;0;error
BA;114;0;0;error
BA;115;-10.9408432;-40.4193253;ok
BA;116;0;0;error
BA;117;0;0;error
BA;118;-12.60314;-38.9643929;ok
BA;119;0;0;error
BA;120;-11.4086204;-39.4621716;ok
BA;121;-16.4894797;-39.0822901;ok
BA;122;-16.4894797;-39.0822901;ok
BA;123;0;0;error
BA;124;-13.4996213;-45.4498065;ok
BA;125;-14.3057655;-43.7682768;ok
BA;126;-12.0071867;-44.6988581;ok
BA;127;-12.6458743;-38.5374896;ok
BA;128;-12.515059;-38.497277;ok
BA;129;0;0;error
BA;130;-12.251037;-38.7495143;ok
BA;131;0;0;error
BA;132;-11.5600046;-39.28618090000001;ok
BA;133;-15.4210775;-39.488585;ok
BA;134;-14.2169654;-39.5178592;ok
BA;135;0;0;error
BA;136;-14.6756932;-39.3724917;ok
BA;137;-15.1204689;-40.0683272;ok
BA;138;0;0;error
BA;139;-14.8657636;-40.5766328;ok
BA;140;-15.2448231;-40.24846369999999;ok
BA;141;0;0;error
BA;142;-12.6679597;-39.10112280000001;ok
BA;143;-12.4378404;-39.2467863;ok
BA;144;-11.9414686;-38.0828889;ok
BA;145;0;0;error
BA;146;-14.7575868;-40.0926681;ok
BA;147;-14.2825456;-39.8435845;ok
BA;148;-17.1675854;-40.3279319;ok
BA;149;-10.6931469;-39.8519636;ok
BA;150;-11.6626582;-39.0057669;ok
BA;151;-13.7441915;-39.4878198;ok
BA;152;0;0;error
BA;153;-17.365577;-40.2255318;ok
BA;154;-12.2381057;-38.9630556;ok
BA;155;-12.2381057;-38.9630556;ok
BA;156;-12.2381057;-38.9630556;ok
BA;157;-12.2381057;-38.9630556;ok
BA;158;-8.9794431;-39.0998757;ok
BA;159;0;0;error
BA;160;-11.9631196;-38.9695267;ok
BA;161;0;0;error
BA;162;-12.6291264;-38.6771277;ok
BA;163;0;0;error
BA;164;0;0;error
BA;165;0;0;error
BA;166;-14.958635;-39.3023655;ok
BA;167;-11.1899362;-40.5288785;ok
BA;168;-13.7729804;-42.7158804;ok
BA;169;0;0;error
BA;170;0;0;error
BA;171;0;0;error
BA;172;-17.0346202;-39.53208910000001;ok
BA;173;-12.1786905;-43.2169018;ok
BA;174;0;0;error
BA;175;0;0;error
BA;176;-11.8009338;-42.05789010000001;ok
BA;177;-14.9781563;-41.4118072;ok
BA;178;-12.5539563;-38.7029513;ok
BA;179;-10.2605487;-40.1944691;ok
BA;180;-12.8813698;-38.3154159;ok
BA;181;-9.399509799999999;-38.2255376;ok
BA;182;0;0;error
BA;183;-17.5365485;-39.723467;ok
BA;184;-12.8462644;-39.0921823;ok
BA;185;-12.5309128;-38.2957728;ok
BA;186;0;0;error
BA;187;-11.0420739;-45.1937669;ok
BA;188;-16.3741285;-39.57209840000001;ok
BA;189;-16.5745551;-39.5613985;ok
BA;190;-12.7594434;-43.9508324;ok
BA;191;0;0;error
BA;192;-12.3264697;-38.7645015;ok
BA;193;-12.7668796;-40.20887949999999;ok
BA;194;-12.1346473;-39.3345162;ok
BA;195;-10.0055022;-42.4939896;ok
BA;196;-11.4913888;-39.4254161;ok
BA;197;0;0;error
BA;198;0;0;error
BA;199;-11.3455002;-41.6610816;ok
BA;200;0;0;error
BA;201;0;0;error
BA;202;0;0;error
BA;203;-16.3782194;-39.5713552;ok
BA;204;0;0;error
BA;205;0;0;error
CE;1;-3.7203198;-38.5172147;ok
CE;2;-3.7203198;-38.5172147;ok
CE;3;-3.7203198;-38.5172147;ok
CE;4;-3.895107;-38.6857188;ok
CE;5;0;0;error
CE;6;0;0;error
CE;7;-4.131757299999999;-38.2367507;ok
CE;8;-4.5654676;-37.7718748;ok
CE;9;0;0;error
CE;10;0;0;error
CE;11;-5.1969055;-39.295161;ok
CE;12;-5.5829537;-39.3706665;ok
CE;13;0;0;error
CE;14;-6.7471247;-38.9654837;ok
CE;15;-6.404672;-38.86127279999999;ok
CE;16;-7.24968;-39.1419786;ok
CE;17;-3.5046258;-39.5789535;ok
CE;18;-6.875217399999999;-39.8744213;ok
CE;19;-6.003108800000001;-40.2973118;ok
CE;20;0;0;error
CE;21;-4.317867;-40.70624000000001;ok
CE;22;-4.0326691;-40.8635014;ok
CE;23;-3.6237222;-39.5026076;ok
CE;24;-3.6812085;-40.3396818;ok
CE;25;-3.1203896;-40.8268102;ok
CE;26;-7.3105639;-38.9506919;ok
CE;27;-7.2400836;-39.3960234;ok
CE;28;-7.20458;-39.320448;ok
CE;29;-5.1469228;-38.0987545;ok
CE;30;0;0;error
CE;31;0;0;error
CE;32;-2.9014872;-40.84581319999999;ok
CE;33;-4.3501089;-39.3140851;ok
CE;34;-6.605410699999999;-39.0577966;ok
CE;35;0;0;error
CE;36;-3.6099778;-38.968146;ok
CE;37;-3.7408536;-38.6317754;ok
CE;38;0;0;error
CE;39;-5.396299000000001;-40.3112194;ok
CE;40;-4.5591963;-40.7179025;ok
CE;41;-3.6863575;-39.5887541;ok
CE;42;0;0;error
CE;43;-6.5220368;-39.5221339;ok
CE;44;-3.459512;-40.2106153;ok
CE;45;-3.5261668;-40.3395775;ok
CE;46;0;0;error
CE;47;-5.106952700000001;-38.373028;ok
CE;48;-4.704470500000001;-40.5587217;ok
CE;49;0;0;error
CE;50;-3.7923775;-39.2691691;ok
CE;52;0;0;error
CE;53;-7.0888912;-39.6833897;ok
CE;54;-4.334547300000001;-40.1554089;ok
CE;55;0;0;error
CE;56;-3.8537475;-40.9180544;ok
CE;57;0;0;error
CE;59;-5.452653000000001;-39.7217668;ok
CE;60;-6.0909283;-39.4561887;ok
CE;61;-4.835912;-40.319667;ok
CE;62;-6.7864608;-39.3038698;ok
CE;63;-5.1235449;-39.7303097;ok
CE;64;0;0;error
CE;65;-3.9458045;-40.4743984;ok
CE;66;-3.9039481;-38.3897584;ok
CE;67;-4.3733882;-38.8095494;ok
CE;68;-7.209777900000001;-40.13589830000001;ok
CE;69;-6.9426232;-38.9730949;ok
CE;70;0;0;error
CE;71;-7.043481099999999;-39.2863367;ok
CE;72;-5.6136764;-38.7643798;ok
CE;73;0;0;error
CE;74;-4.1667027;-40.75149;ok
CE;75;-4.841489200000001;-37.7823782;ok
CE;76;-7.3860525;-38.7656759;ok
CE;78;-4.1071548;-38.4954289;ok
CE;79;0;0;error
CE;80;0;0;error
CE;81;-3.7194251;-40.9866095;ok
CE;82;-3.720347599999999;-38.5174072;ok
CE;83;-3.720347599999999;-38.5174072;ok
CE;84;-4.1876695;-38.1259109;ok
CE;85;0;0;error
CE;86;-5.517020899999999;-38.2702971;ok
CE;87;-3.9040085;-40.7462836;ok
CE;88;-3.889974999999999;-38.4515723;ok
CE;89;-3.3606749;-39.8272725;ok
CE;91;-5.2469184;-38.12936029999999;ok
CE;92;-7.165984000000001;-38.7839283;ok
CE;93;-4.9482722;-40.0222864;ok
CE;94;-3.7203198;-38.5172147;ok
CE;95;-5.8106604;-38.3045342;ok
CE;96;-3.0550107;-40.1661783;ok
CE;97;-3.2696983;-39.2684763;ok
CE;98;-2.9198111;-39.9161139;ok
CE;99;-5.5296593;-40.7756611;ok
CE;100;-3.9750257;-38.5214036;ok
CE;101;-6.5556885;-40.1207824;ok
CE;103;-3.4361195;-39.1448749;ok
CE;104;-3.8809762;-38.628675;ok
CE;105;-4.4667069;-38.903743;ok
CE;106;-4.490464;-38.5958559;ok
CE;108;-3.0321422;-41.2418188;ok
CE;109;-3.4189285;-39.0292922;ok
CE;110;-5.306200599999999;-38.9215028;ok
CE;111;-4.2331786;-39.1960431;ok
CE;112;-3.7203198;-38.5172147;ok
CE;113;-3.720347599999999;-38.5174072;ok
CE;114;-3.7203198;-38.5172147;ok
CE;115;-3.7203198;-38.5172147;ok
CE;116;-3.7203198;-38.5172147;ok
CE;117;-3.7203198;-38.5172147;ok
CE;118;-3.7203198;-38.5172147;ok
CE;119;-7.20458;-39.320448;ok
CE;120;-3.7262439;-38.6624711;ok
CE;121;-3.6812085;-40.3396818;ok
CE;122;-3.8795147;-38.605257;ok
CE;123;-3.726250599999999;-38.662764;ok
DF;1;-15.8221725;-47.9028287;ok
DF;2;-15.8956849;-47.9431369;ok
DF;3;-15.8140313;-48.0861458;ok
DF;4;-16.043534;-48.0340868;ok
DF;5;-15.6560266;-47.8055776;ok
DF;6;-15.650674;-47.7918599;ok
DF;8;-15.8112085;-48.1052952;ok
DF;9;-15.8168922;-47.9786873;ok
DF;10;0;0;error
DF;11;-15.7933608;-47.9341707;ok
DF;13;-15.8815895;-48.0857822;ok
DF;14;-15.8221725;-47.9028287;ok
DF;15;-15.844492;-48.0266106;ok
DF;16;-15.7974731;-48.1228577;ok
DF;17;0;0;error
DF;18;-15.8616241;-47.8598189;ok
DF;19;-15.6138043;-47.654843;ok
DF;20;-15.8291761;-48.1091746;ok
DF;21;-15.8683149;-48.0173054;ok
ES;1;-20.3203565;-40.3387119;ok
ES;2;-20.8533856;-41.1161817;ok
ES;3;-20.6107438;-41.20439409999999;ok
ES;4;-20.5931571;-41.5574261;ok
ES;5;-21.0621676;-41.3671566;ok
ES;6;-19.5193356;-40.62312470000001;ok
ES;7;-19.5160323;-41.0136236;ok
ES;8;-20.0841151;-41.1273846;ok
ES;9;0;0;error
ES;10;0;0;error
ES;11;-19.9354942;-40.6000565;ok
ES;12;0;0;error
ES;13;0;0;error
ES;14;-19.832112;-40.363777;ok
ES;15;-20.362615;-40.6594305;ok
ES;16;-19.8032034;-40.8555138;ok
ES;17;0;0;error
ES;18;-20.3500029;-41.5348257;ok
ES;19;-20.4656769;-41.4160225;ok
ES;20;-19.8289209;-40.27409249999999;ok
ES;21;-18.7170485;-39.8453003;ok
ES;22;-20.9898105;-41.0024399;ok
ES;23;-18.7562481;-40.8925145;ok
ES;24;-20.6629164;-40.5003228;ok
ES;25;0;0;error
ES;26;-20.1013507;-40.3378136;ok
ES;27;-18.5911463;-39.7312381;ok
ES;28;0;0;error
ES;29;-18.8614381;-41.1217702;ok
ES;30;-18.7101979;-40.3996919;ok
ES;31;-18.0947085;-40.5216429;ok
ES;32;-20.3351747;-40.2839872;ok
ES;33;-18.3691593;-40.8313187;ok
ES;34;-20.3423692;-40.3860868;ok
ES;35;-20.7895468;-40.8146656;ok
ES;36;-19.2236594;-40.851705;ok
ES;37;-19.020032;-40.5328769;ok
ES;38;-18.1269626;-40.3734356;ok
ES;39;0;0;error
ES;40;0;0;error
ES;41;-18.716779;-39.8643123;ok
ES;42;-19.5193356;-40.62312470000001;ok
ES;43;-21.0177932;-40.81357;ok
ES;44;-21.1272905;-41.6740718;ok
ES;45;-20.6918149;-41.8486106;ok
ES;46;-18.985071;-40.744073;ok
ES;47;-20.3907481;-40.49084089999999;ok
ES;48;-20.8533856;-41.1161817;ok
ES;49;0;0;error
ES;50;0;0;error
ES;51;-19.2734369;-40.3226646;ok
ES;52;-20.2491683;-40.2723531;ok
ES;53;-20.2151303;-40.264118;ok
ES;54;0;0;error
ES;55;-20.3350382;-40.2956293;ok
ES;57;-20.3485089;-40.3167906;ok
ES;58;-20.3332118;-40.3766785;ok
ES;59;-20.144949;-40.1848622;ok
GO;1;-16.6901597;-49.2754142;ok
GO;2;-16.6901597;-49.2754142;ok
GO;3;-16.3201519;-48.9513213;ok
GO;4;0;0;error
GO;5;-18.1275043;-49.03886379999999;ok
GO;6;0;0;error
GO;7;-17.7455995;-48.6322398;ok
GO;8;-18.1693121;-47.9284417;ok
GO;9;0;0;error
GO;10;0;0;error
GO;11;0;0;error
GO;12;-16.7088611;-49.2532016;ok
GO;13;0;0;error
GO;14;-17.7207609;-48.1629323;ok
GO;15;-16.0194779;-49.805843;ok
GO;16;-18.4071752;-49.23510419999999;ok
GO;17;0;0;error
GO;18;0;0;error
GO;19;0;0;error
GO;20;0;0;error
GO;21;-17.558466;-52.5606302;ok
GO;22;0;0;error
GO;23;-17.0338121;-48.2968516;ok
GO;24;-15.9418376;-48.2610209;ok
GO;25;0;0;error
GO;26;0;0;error
GO;27;-17.3166741;-48.2783037;ok
GO;28;-15.7587574;-48.2623944;ok
GO;29;0;0;error
GO;30;-17.789814;-50.93946440000001;ok
GO;31;-16.6597272;-48.6097328;ok
GO;32;-16.9715408;-48.9591228;ok
GO;33;0;0;error
GO;34;0;0;error
GO;35;-15.8958471;-52.2516426;ok
GO;36;0;0;error
GO;37;-18.1342694;-48.0753832;ok
GO;38;-18.0111669;-49.3773046;ok
GO;39;0;0;error
GO;40;-16.6949792;-49.1026124;ok
GO;41;0;0;error
GO;42;-16.1183886;-47.9315525;ok
GO;43;-16.9480783;-50.44827;ok
GO;44;0;0;error
GO;45;-17.5271524;-49.4484617;ok
GO;46;-18.4498379;-50.45044050000001;ok
GO;47;0;0;error
GO;49;-16.6580295;-49.4910346;ok
GO;50;0;0;error
GO;51;0;0;error
GO;52;0;0;error
GO;53;-16.4363481;-51.1172046;ok
GO;54;0;0;error
GO;55;-13.439732;-49.14991;ok
GO;56;0;0;error
GO;57;0;0;error
GO;58;-15.5041049;-49.6762527;ok
GO;59;0;0;error
GO;60;0;0;error
GO;61;0;0;error
GO;62;0;0;error
GO;63;0;0;error
GO;64;0;0;error
GO;65;0;0;error
GO;66;-17.8074733;-50.6043785;ok
GO;67;-16.618252;-48.7500879;ok
GO;68;-17.333421;-49.9300771;ok
GO;72;-15.310299;-49.6025998;ok
GO;74;-15.3327961;-49.1227135;ok
GO;76;0;0;error
GO;77;0;0;error
GO;79;0;0;error
GO;80;-16.5269911;-50.3781525;ok
GO;82;0;0;error
GO;83;0;0;error
GO;84;-17.0438296;-50.1485256;ok
GO;85;0;0;error
GO;86;0;0;error
GO;87;0;0;error
GO;88;0;0;error
GO;89;-16.2997266;-48.9632927;ok
GO;90;-16.1943181;-48.6790007;ok
GO;91;0;0;error
GO;93;0;0;error
GO;94;-13.2738072;-50.1566249;ok
GO;95;0;0;error
GO;96;0;0;error
GO;97;-18.7524201;-50.9475881;ok
GO;98;0;0;error
GO;99;0;0;error
GO;100;0;0;error
GO;101;0;0;error
GO;102;0;0;error
GO;103;0;0;error
GO;105;0;0;error
GO;106;0;0;error
GO;109;0;0;error
GO;110;-14.7543519;-50.574362;ok
GO;112;0;0;error
GO;113;0;0;error
GO;114;0;0;error
GO;115;-16.6110336;-50.1371984;ok
GO;118;0;0;error
GO;119;-16.8101639;-49.2416936;ok
GO;120;0;0;error
GO;121;0;0;error
GO;123;-14.4838248;-46.5110667;ok
GO;124;-18.2144281;-49.7422115;ok
GO;125;0;0;error
GO;127;0;0;error
GO;128;0;0;error
GO;130;-13.5056292;-48.2219665;ok
GO;131;-15.1647687;-48.2903757;ok
GO;132;-16.8101639;-49.2416936;ok
GO;133;-16.6901597;-49.2754142;ok
GO;134;-16.6901597;-49.2754142;ok
GO;135;0;0;error
GO;136;0;0;error
GO;137;-16.3201519;-48.9513213;ok
GO;138;0;0;error
GO;139;0;0;error
GO;140;-17.789814;-50.93946440000001;ok
GO;141;-16.3201519;-48.9513213;ok
GO;142;0;0;error
GO;143;-14.1351068;-47.52311359999999;ok
GO;144;-16.3201519;-48.9513213;ok
GO;145;-16.8101639;-49.2416936;ok
GO;146;-16.6901597;-49.2754142;ok
GO;147;-16.6901597;-49.2754142;ok
MA;1;-2.5311484;-44.2582684;ok
MA;2;-2.5311549;-44.258258;ok
MA;3;-2.5311484;-44.2582684;ok
MA;4;-4.8794772;-43.3778133;ok
MA;5;-4.8794772;-43.3778133;ok
MA;6;-4.8794772;-43.3778133;ok
MA;7;-4.4513885;-43.8870872;ok
MA;8;0;0;error
MA;9;0;0;error
MA;10;-2.5311484;-44.2582684;ok
MA;11;0;0;error
MA;12;-2.8905973;-41.9035504;ok
MA;13;-4.2322834;-44.7774993;ok
MA;14;-1.8231831;-44.8744682;ok
MA;15;0;0;error
MA;16;-3.3965875;-44.3616581;ok
MA;17;-6.603845499999999;-44.0917971;ok
MA;18;-2.9382187;-44.2451625;ok
MA;19;-5.088741;-42.8455101;ok
MA;20;-3.2172389;-45.0031892;ok
MA;21;-6.7558253;-43.0262509;ok
MA;22;-7.536148799999999;-46.0330292;ok
MA;23;0;0;error
MA;24;-3.680072;-42.7529857;ok
MA;25;-3.9423103;-42.9206969;ok
MA;26;0;0;error
MA;27;-3.4524666;-44.7802153;ok
MA;28;-4.2694093;-43.0263534;ok
MA;29;0;0;error
MA;30;0;0;error
MA;31;0;0;error
MA;32;-2.5980559;-43.4615074;ok
MA;33;0;0;error
MA;34;-7.0263963;-45.4782438;ok
MA;35;-4.3803833;-44.6691167;ok
MA;36;-5.680473300000001;-43.0908297;ok
MA;37;0;0;error
MA;38;0;0;error
MA;39;0;0;error
MA;40;-2.7624178;-42.2765361;ok
MA;41;0;0;error
MA;42;0;0;error
MA;43;0;0;error
MA;44;0;0;error
MA;45;-3.2896065;-45.1770437;ok
MA;46;-6.339462;-47.402916;ok
MA;47;-2.5568876;-44.0616148;ok
MA;48;-5.0355724;-44.43629749999999;ok
MA;49;-4.2885615;-45.2401533;ok
MA;50;0;0;error
MA;51;-3.3690329;-42.4180601;ok
MA;52;-2.4038968;-44.4153646;ok
MA;53;-6.4909921;-43.6997492;ok
MA;54;-5.497287900000001;-47.4803289;ok
MA;55;0;0;error
MA;56;-2.7470899;-42.8251292;ok
MA;57;-3.6585765;-45.36998210000001;ok
MA;58;-5.4549959;-47.4027946;ok
MA;59;0;0;error
MA;60;-5.5778474;-44.3797368;ok
MA;61;-4.8778463;-44.8810691;ok
MA;62;-7.0832543;-45.1363405;ok
MA;63;-2.9584767;-44.7947476;ok
MA;64;-1.4556106;-45.7282008;ok
MA;65;0;0;error
MA;66;-4.2322834;-44.7774993;ok
MA;67;-4.575148100000001;-44.6012292;ok
MA;68;0;0;error
MA;69;-4.4513885;-43.8870872;ok
MA;70;-3.9626107;-45.6619466;ok
MA;71;0;0;error
MA;72;-6.3694358;-44.3689502;ok
MA;73;-3.207721;-43.40546820000001;ok
MA;74;0;0;error
MA;75;-7.3610506;-46.6195524;ok
MA;76;-2.5311549;-44.258258;ok
MA;77;-3.6585765;-45.36998210000001;ok
MA;78;-3.5422068;-45.611493;ok
MA;79;0;0;error
MA;80;-2.5460128;-45.7749005;ok
MA;81;-5.520149399999999;-43.201277;ok
MA;82;0;0;error
MA;83;0;0;error
MA;84;-4.042364;-44.4690998;ok
MA;85;0;0;error
MA;86;-3.098981;-45.0328369;ok
MA;87;0;0;error
MA;89;-2.521803;-44.2479161;ok
MA;92;0;0;error
MA;93;0;0;error
MA;94;-5.088741;-42.8455101;ok
MA;95;0;0;error
MA;96;0;0;error
MA;97;0;0;error
MA;98;0;0;error
MA;99;-5.5676169;-46.7455041;ok
MA;100;-2.0471659;-45.9602679;ok
MA;101;-2.1295322;-45.889018;ok
MA;102;-4.445154899999999;-45.2422525;ok
MA;103;-5.833467199999999;-47.06671120000001;ok
MA;104;0;0;error
MA;105;-7.536148799999999;-46.0330292;ok
MA;106;0;0;error
MA;107;-5.5419056;-47.4746651;ok
MA;108;-5.3233241;-44.2440115;ok
MA;109;-3.2640282;-44.6173331;ok
MA;110;-3.4886786;-45.2513291;ok
MA;111;-2.8938593;-44.8802838;ok
MG;1;-19.1524574;-45.44884889999999;ok
MG;2;-20.301738;-42.47686729999999;ok
MG;3;0;0;error
MG;4;-17.0809837;-40.9416069;ok
MG;5;-19.495636;-41.0735578;ok
MG;6;-21.9759621;-44.6036819;ok
MG;7;-21.8719268;-42.6705765;ok
MG;8;-21.4231947;-45.946183;ok
MG;9;-16.1810095;-40.69861059999999;ok
MG;10;-20.8635792;-46.38821129999999;ok
MG;11;-21.0257961;-43.4114914;ok
MG;12;-20.1092642;-43.0587063;ok
MG;13;0;0;error
MG;14;0;0;error
MG;15;-16.8549723;-42.0599104;ok
MG;16;-18.6481026;-48.1892249;ok
MG;17;-19.6012601;-46.9469222;ok
MG;18;-20.2906212;-45.5357614;ok
MG;19;-21.3588142;-46.1449912;ok
MG;20;-21.9597788;-44.89135479999999;ok
MG;21;0;0;error
MG;22;0;0;error
MG;23;-21.2220087;-43.776481;ok
MG;24;-21.2215558;-43.7766142;ok
MG;25;-21.2215558;-43.7766142;ok
MG;26;-19.9378371;-43.9440878;ok
MG;27;-19.9378371;-43.9440878;ok
MG;28;-19.9378371;-43.9440878;ok
MG;29;-19.9378371;-43.9440878;ok
MG;30;-19.9378371;-43.9440878;ok
MG;31;-19.9378371;-43.9440878;ok
MG;32;-19.9378371;-43.9440878;ok
MG;33;-19.9378371;-43.9440878;ok
MG;34;-19.9378371;-43.9440878;ok
MG;35;-19.9378371;-43.9440878;ok
MG;36;-19.9737474;-44.0177943;ok
MG;37;-19.9378371;-43.9440878;ok
MG;38;-19.8035237;-43.9822695;ok
MG;39;-19.9378371;-43.9440878;ok
MG;40;-19.9676978;-44.1981955;ok
MG;41;-20.0683173;-44.3032808;ok
MG;42;-21.7199367;-43.0631297;ok
MG;43;-21.090757;-45.5663541;ok
MG;44;0;0;error
MG;45;-19.7356529;-45.251901;ok
MG;46;0;0;error
MG;47;-20.3306976;-44.2369817;ok
MG;48;0;0;error
MG;49;0;0;error
MG;50;-16.2134222;-44.4337046;ok
MG;51;-22.3697566;-45.56084449999999;ok
MG;52;-20.1435971;-44.2029946;ok
MG;53;-22.4414639;-46.3507636;ok
MG;54;-17.8749015;-44.1779141;ok
MG;55;-21.491587;-46.400872;ok
MG;56;-19.8757003;-43.66797;ok
MG;57;0;0;error
MG;58;-22.7520237;-46.14988400000001;ok
MG;59;-22.6154926;-46.0593981;ok
MG;60;-21.8460788;-45.2963465;ok
MG;61;-21.8334472;-45.3985196;ok
MG;62;-21.7138229;-46.244816;ok
MG;63;-19.5325485;-49.4797401;ok
MG;64;-20.8943172;-45.2734192;ok
MG;65;0;0;error
MG;66;0;0;error
MG;67;-17.6938768;-42.5195059;ok
MG;68;-20.9531636;-43.8034061;ok
MG;69;-20.7343563;-42.0266617;ok
MG;70;-20.6156058;-42.1475268;ok
MG;71;-19.7886622;-42.1345692;ok
MG;72;-19.7886622;-42.1345692;ok
MG;73;0;0;error
MG;74;-20.5584586;-44.8698207;ok
MG;75;-22.1233458;-45.1311171;ok
MG;76;-19.0044539;-46.31443729999999;ok
MG;77;-20.9732986;-46.12273649999999;ok
MG;78;-20.5805355;-46.92449269999999;ok
MG;79;-21.389849;-42.6975984;ok
MG;80;-21.978166;-44.93519939999999;ok
MG;81;-20.4452849;-44.7667016;ok
MG;82;-19.9182555;-48.3872356;ok
MG;83;-19.0358139;-43.4256444;ok
MG;84;-21.8809289;-45.0827383;ok
MG;85;-20.4994585;-43.8579737;ok
MG;86;-19.9380535;-47.54425819999999;ok
MG;87;-20.6614212;-43.7861489;ok
MG;88;-20.6614212;-43.7861489;ok
MG;89;-19.1702511;-41.4701733;ok
MG;90;-19.9417966;-44.04140049999999;ok
MG;91;-19.9417966;-44.04140049999999;ok
MG;92;-19.9417966;-44.04140049999999;ok
MG;93;-19.9417966;-44.04140049999999;ok
MG;94;-16.6847021;-44.3639873;ok
MG;95;0;0;error
MG;96;-18.4716749;-47.2035135;ok
MG;97;-19.5276687;-42.6219331;ok
MG;98;-19.5591653;-42.5899999;ok
MG;99;-22.2066334;-45.2637422;ok
MG;100;-18.7567697;-44.4304723;ok
MG;101;-18.2447678;-43.6001073;ok
MG;102;-20.1474236;-44.8906003;ok
MG;103;-20.1474236;-44.8906003;ok
MG;104;-19.4622216;-45.6015608;ok
MG;105;-21.6103032;-45.56257129999999;ok
MG;106;-20.6756193;-44.0628183;ok
MG;107;0;0;error
MG;108;-19.7607721;-44.3129844;ok
MG;109;-14.9239844;-42.81514689999999;ok
MG;110;-18.7404063;-47.69608400000001;ok
MG;111;-21.0975398;-42.1830857;ok
MG;112;-22.852379;-46.3184988;ok
MG;113;-19.2361236;-43.0190435;ok
MG;114;-20.4644428;-45.4284252;ok
MG;115;0;0;error
MG;116;-20.0290617;-48.9350114;ok
MG;117;-18.9960741;-41.53759609999999;ok
MG;118;-18.8516138;-41.9479739;ok
MG;119;-18.8516138;-41.9479739;ok
MG;120;-16.5634109;-42.8936803;ok
MG;121;-18.7757635;-42.9331788;ok
MG;122;-20.7576042;-45.9171536;ok
MG;123;-21.3002689;-46.8015497;ok
MG;124;0;0;error
MG;125;0;0;error
MG;126;-19.4845503;-46.542052;ok
MG;127;-20.4629637;-47.1226602;ok
MG;128;-19.552083;-42.1210982;ok
MG;129;-19.7981664;-41.7170547;ok
MG;130;0;0;error
MG;131;0;0;error
MG;132;-19.6244006;-43.2295753;ok
MG;133;-20.2521552;-43.8024247;ok
MG;134;-22.4222569;-45.454647;ok
MG;135;-17.8572776;-42.8592063;ok
MG;136;-18.034181;-41.6832297;ok
MG;137;-22.2985061;-44.93533420000001;ok
MG;138;0;0;error
MG;139;-20.4733489;-45.1195026;ok
MG;140;-20.0728196;-44.5758932;ok
MG;141;-18.9709404;-49.46236589999999;ok
MG;142;-19.7303115;-50.1981972;ok
MG;143;-19.5185241;-43.7462622;ok
MG;144;-16.1432227;-40.2953641;ok
MG;145;-21.0200599;-46.7407769;ok
MG;146;0;0;error
MG;147;-15.807452;-43.3047615;ok
MG;148;-15.4864773;-44.3604778;ok
MG;149;-16.4379493;-41.012097;ok
MG;150;-19.8069101;-43.1715857;ok
MG;151;-17.7450519;-46.1736554;ok
MG;152;-21.7665576;-43.3490018;ok
MG;153;-21.7664111;-43.3492049;ok
MG;154;-21.7665576;-43.3490018;ok
MG;155;-21.7617454;-43.3408504;ok
MG;156;-20.0194289;-45.5435206;ok
MG;157;-19.6292922;-43.9021357;ok
MG;158;0;0;error
MG;159;-21.975599;-45.3498664;ok
MG;160;-21.2619443;-44.9887885;ok
MG;161;-21.5327389;-42.6417841;ok
MG;162;-21.8391282;-43.7920149;ok
MG;163;-19.7956987;-45.6811376;ok
MG;164;-21.6763943;-45.9218454;ok
MG;165;-17.8469456;-42.0785056;ok
MG;166;-14.7571826;-43.9337254;ok
MG;167;-20.2557781;-42.0333952;ok
MG;168;0;0;error
MG;169;-18.780142;-40.9843109;ok
MG;170;-21.8653394;-43.0094214;ok
MG;171;-20.3762248;-43.41859480000001;ok
MG;172;-19.9875538;-44.4254348;ok
MG;173;-21.8693429;-43.3103586;ok
MG;174;-19.5577273;-44.08471919999999;ok
MG;175;-16.2260663;-41.4714055;ok
MG;176;-19.221273;-42.6067178;ok
MG;177;-17.2141663;-42.5914027;ok
MG;178;-21.1975672;-42.6132307;ok
MG;179;-18.8687355;-48.8761993;ok
MG;180;-15.1505261;-42.8764778;ok
MG;181;-18.7342185;-47.4980109;ok
MG;182;-21.1920786;-46.9746465;ok
MG;183;-22.4341535;-46.5734195;ok
MG;184;-16.7301019;-43.8673454;ok
MG;185;-16.7301019;-43.8673454;ok
MG;186;-18.601097;-45.3591869;ok
MG;187;-21.1301743;-42.3689234;ok
MG;188;-19.820113;-41.4356936;ok
MG;189;-21.3696372;-46.5217388;ok
MG;190;-17.8378195;-40.3496842;ok
MG;191;-22.117864;-45.514784;ok
MG;192;-21.2410479;-45.232851;ok
MG;193;-19.7662971;-43.03160219999999;ok
MG;194;-19.9870419;-43.8472371;ok
MG;195;-21.1271395;-46.4224198;ok
MG;196;-17.4653258;-41.8838494;ok
MG;197;-20.691933;-44.8282743;ok
MG;198;-20.5264582;-43.7035275;ok
MG;199;-22.2828936;-46.3773414;ok
MG;200;-20.3848824;-43.5056945;ok
MG;201;-21.3775142;-42.317889;ok
MG;202;-19.8618436;-44.60676400000001;ok
MG;203;-17.217758;-46.87183719999999;ok
MG;204;-21.5469921;-45.7378518;ok
MG;205;-22.5518319;-45.7807934;ok
MG;206;-19.2745031;-44.4061425;ok
MG;207;-22.3842821;-44.9660118;ok
MG;208;-20.6672558;-44.51251269999999;ok
MG;209;-20.7240847;-46.6190979;ok
MG;210;-18.589997;-46.5151149;ok
MG;211;-18.9476441;-46.9859848;ok
MG;212;0;0;error
MG;213;-16.0057327;-41.2814374;ok
MG;214;-22.2557397;-45.4686431;ok
MG;215;-19.6208713;-44.0446289;ok
MG;216;-21.0907746;-45.0873512;ok
MG;217;-20.6814984;-43.30234069999999;ok
MG;218;-17.351716;-44.948769;ok
MG;219;-19.6829077;-44.8902464;ok
MG;220;-20.4688859;-45.9602233;ok
MG;221;0;0;error
MG;222;-21.7873435;-46.5613168;ok
MG;223;-19.2176688;-45.00151289999999;ok
MG;224;-20.4158325;-42.9083001;ok
MG;225;-20.4156171;-42.9076411;ok
MG;226;0;0;error
MG;227;-22.2634552;-45.9293487;ok
MG;228;-21.0568409;-44.078334;ok
MG;229;0;0;error
MG;230;-18.1759901;-46.2857516;ok
MG;231;-20.0990089;-42.4567914;ok
MG;232;-20.9211693;-44.2385252;ok
MG;233;-19.3255418;-41.2562538;ok
MG;234;-20.2249942;-42.64785980000001;ok
MG;235;0;0;error
MG;236;-19.1931569;-46.2483334;ok
MG;237;0;0;error
MG;238;0;0;error
MG;239;-21.2744468;-43.17942559999999;ok
MG;240;-22.0898967;-43.8264808;ok
MG;241;-19.890332;-43.8111484;ok
MG;242;-18.6666963;-43.0836166;ok
MG;243;-19.8652233;-47.4438391;ok
MG;244;-16.1724968;-42.2891696;ok
MG;245;-19.9618917;-43.40978070000001;ok
MG;246;-19.7591555;-43.8601965;ok
MG;247;-18.1906904;-42.4156209;ok
MG;248;-22.251546;-45.704318;ok
MG;249;-20.0873622;-45.2946377;ok
MG;250;-21.4554788;-43.5544727;ok
MG;251;-19.8685253;-42.9634836;ok
MG;252;-15.9549183;-44.8582461;ok
MG;253;-21.8922104;-45.594271;ok
MG;254;-19.3112206;-46.0451083;ok
MG;255;-15.9304118;-44.006951;ok
MG;256;-21.1368971;-44.258983;ok
MG;257;-18.5504166;-42.767038;ok
MG;258;-21.5377502;-43.0125593;ok
MG;259;-22.1197819;-45.0512377;ok
MG;260;-20.9186692;-46.9931492;ok
MG;261;-20.9169984;-43.1014219;ok
MG;262;-18.5995782;-43.374804;ok
MG;263;-19.4670966;-44.2548489;ok
MG;264;-19.4670966;-44.2548489;ok
MG;265;0;0;error
MG;266;-15.80971;-42.2353958;ok
MG;267;-19.2803701;-42.0001495;ok
MG;268;-20.6501539;-42.8580056;ok
MG;269;-17.8618857;-41.5084575;ok
MG;270;-17.8618857;-41.5084575;ok
MG;271;-20.9116846;-42.02743390000001;ok
MG;272;-21.6969784;-45.2577491;ok
MG;273;-21.3703245;-45.5158402;ok
MG;274;-18.5923371;-48.7050418;ok
MG;275;-21.1179321;-42.9482765;ok
MG;276;-19.7477136;-47.9332998;ok
MG;277;-19.7477136;-47.9332998;ok
MG;278;-18.9162108;-48.29152329999999;ok
MG;279;-18.9162108;-48.29152329999999;ok
MG;280;-16.3655254;-46.9004227;ok
MG;281;-21.5584758;-45.4439805;ok
MG;282;0;0;error
MG;283;-18.823023;-42.7042665;ok
MG;284;-21.0084797;-42.8407029;ok
MG;285;-16.3680535;-45.0723761;ok
MG;286;-19.7707203;-44.0833394;ok
MG;287;0;0;error
MG;288;-20.0240246;-44.0551008;ok
MG;289;-21.288582;-43.4142812;ok
MG;290;0;0;error
MG;291;-19.3519759;-47.2934482;ok
MG;292;-21.6558302;-42.3447094;ok
MG;293;-20.7457899;-46.8602565;ok
MG;294;-18.2931292;-43.0103655;ok
MG;295;0;0;error
MG;296;-20.7652552;-45.2756039;ok
MG;297;-19.9038239;-49.3717064;ok
MG;298;-19.8734407;-44.9748854;ok
MG;299;-18.9162108;-48.29152329999999;ok
MG;300;-22.3555622;-45.7825062;ok
MG;301;-21.0800464;-47.0498383;ok
MG;302;-18.6866825;-49.5710736;ok
MG;303;-20.6508829;-41.908718;ok
MG;304;-20.1744126;-45.70555220000001;ok
MG;305;0;0;error
MG;306;-22.2822057;-44.8671353;ok
MG;307;-21.3212087;-46.36821570000001;ok
MG;308;-18.8440417;-50.1290977;ok
MG;309;-18.202852;-45.2316525;ok
MG;310;-17.601051;-44.736236;ok
MG;311;-19.6941284;-43.92033199999999;ok
MG;312;-19.7930705;-43.9344617;ok
MG;313;-19.9417966;-44.04140049999999;ok
MG;314;-18.9162108;-48.29152329999999;ok
MG;315;-21.7665576;-43.3490018;ok
MG;316;-19.9676978;-44.1981955;ok
MG;317;-16.7301019;-43.8673454;ok
MG;318;-18.8516138;-41.9479739;ok
MG;319;-19.9676978;-44.1981955;ok
MG;320;-15.9156626;-46.1132061;ok
MG;321;-19.7997361;-44.0131817;ok
MG;322;-19.4670966;-44.2548489;ok
MG;323;-20.2494911;-46.3643073;ok
MG;324;-15.6249853;-46.4223168;ok
MG;325;-16.7301019;-43.8673454;ok
MG;326;-19.7477136;-47.9332998;ok
MG;327;-19.6961197;-46.1672726;ok
MG;328;-21.1361832;-44.2594852;ok
MG;329;-17.0019578;-46.0002443;ok
MG;330;-18.5899936;-46.5151714;ok
MG;331;-19.9378371;-43.9440878;ok
MG;332;-19.9378371;-43.9440878;ok
MG;333;-19.9737474;-44.0177943;ok
MG;334;-19.8035237;-43.9822695;ok
MG;335;-18.9162108;-48.29152329999999;ok
MG;336;-17.2868155;-42.7258339;ok
MG;337;-19.0019111;-45.9654233;ok
MG;338;0;0;error
MG;339;-20.5081534;-42.5244575;ok
MG;340;0;0;error
MG;341;-19.3325863;-45.2356898;ok
MG;342;0;0;error
MG;343;-21.3150454;-44.8710585;ok
MG;344;0;0;error
MG;345;-22.0319157;-46.3385798;ok
MG;346;-21.8418496;-44.8109479;ok
MG;347;-19.7477136;-47.9332998;ok
MG;348;0;0;error
MG;349;-21.7665576;-43.3490018;ok
MG;350;-21.7873435;-46.5613168;ok
MG;351;-20.0240246;-44.0551008;ok
MS;1;-23.0962692;-55.244975;ok
MS;2;-23.0642203;-54.2022561;ok
MS;3;-19.1129233;-51.7326098;ok
MS;4;-22.3798581;-54.5124103;ok
MS;5;-22.2473945;-53.3492146;ok
MS;6;0;0;error
MS;7;-19.0156122;-57.6486134;ok
MS;8;-20.4389129;-54.55937249999999;ok
MS;9;-20.7994888;-51.6782034;ok
MS;10;-20.460464;-55.7824988;ok
MS;11;-21.8131085;-54.540475;ok
MS;12;-18.5033792;-54.7558993;ok
MS;13;-19.6785755;-51.1974528;ok
MS;14;-19.5391391;-54.0391467;ok
MS;15;-20.2392128;-56.3759654;ok
MS;16;-21.6219967;-55.15631699999999;ok
MS;17;-20.4717097;-54.6224157;ok
MS;18;-22.2369568;-54.81373079999999;ok
MS;19;-22.5320939;-55.7345415;ok
MS;20;-21.6977704;-57.8842952;ok
MS;21;-18.9299774;-54.8531926;ok
MS;22;-21.4797698;-56.1511758;ok
MS;23;-20.4452627;-52.8760783;ok
MS;24;-20.0893259;-51.1061396;ok
MS;25;-23.6741881;-54.5643104;ok
MS;26;0;0;error
MS;27;0;0;error
MS;28;-22.6373846;-54.82128429999999;ok
MS;29;-18.1001427;-54.5547031;ok
MS;30;-21.1236166;-56.5008936;ok
MS;31;-20.9326209;-54.9677114;ok
MS;32;-20.445512;-53.762804;ok
MS;33;-23.9310589;-54.2917222;ok
MS;34;-19.9128678;-54.364968;ok
MS;35;-20.4389129;-54.55937249999999;ok
MS;36;-20.4389129;-54.55937249999999;ok
MS;37;-19.4494098;-54.9895453;ok
MS;38;-18.5441259;-53.1258223;ok
MS;39;-22.2759561;-54.16813029999999;ok
MS;40;-19.3889085;-54.57668450000001;ok
MS;41;0;0;error
MS;42;-19.7272902;-51.927594;ok
MS;43;-22.2369568;-54.81373079999999;ok
MS;44;-20.4389129;-54.55937249999999;ok
MS;45;-21.1564506;-55.833296;ok
MS;46;-23.9774435;-55.04316129999999;ok
MS;47;-22.178121;-52.71991569999999;ok
MS;48;-18.7909413;-52.61725790000001;ok
MS;49;-20.4924484;-55.80939;ok
MS;50;-19.0156122;-57.6486134;ok
MS;51;-20.7994888;-51.6782034;ok
MS;52;-22.5320939;-55.7345415;ok
MS;53;-20.4389129;-54.55937249999999;ok
MS;54;-20.4389129;-54.55937249999999;ok
MT;1;-15.5630805;-56.0634682;ok
MT;2;-16.4728022;-54.631325;ok
MT;3;-14.8363397;-56.4280791;ok
MT;4;0;0;error
MT;5;-13.8316256;-56.088483;ok
MT;6;-16.0675714;-57.6850568;ok
MT;7;0;0;error
MT;8;-17.3204677;-53.2235515;ok
MT;9;-15.8975247;-52.2757002;ok
MT;10;-16.4728022;-54.631325;ok
MT;11;-10.1736303;-59.44216540000001;ok
MT;12;0;0;error
MT;13;-15.0723215;-57.1796775;ok
MT;14;-15.9557797;-54.9767246;ok
MT;15;-11.6223324;-50.68500299999999;ok
MT;16;0;0;error
MT;17;-14.4565007;-56.8397772;ok
MT;18;-15.673638;-58.0976835;ok
MT;19;-14.617408;-57.49249949999999;ok
MT;20;-15.6470545;-56.1306765;ok
MT;21;-13.0769253;-55.9102302;ok
MT;22;-11.8554351;-55.51131669999999;ok
MT;23;0;0;error
MT;24;-9.8860832;-56.0855872;ok
MT;25;0;0;error
MT;26;-14.6670301;-52.3528392;ok
MT;27;-11.2595202;-57.5171506;ok
MT;28;-10.8801962;-51.633156;ok
MT;29;-13.44915;-56.720146;ok
MT;30;-14.0595232;-52.1579133;ok
MT;31;-13.5588283;-52.26613880000001;ok
MT;32;-11.8534358;-55.50327559999999;ok
MT;33;0;0;error
MT;34;-15.4573421;-55.7487931;ok
MT;35;-11.4166033;-58.7597181;ok
MT;36;-12.5309912;-55.71531779999999;ok
MT;38;-15.8645822;-56.0777832;ok
MT;39;-15.5630805;-56.0634682;ok
MT;40;-15.5495099;-54.30130029999999;ok
MT;41;-15.4720419;-58.3451816;ok
MT;42;0;0;error
MT;43;0;0;error
MT;44;-9.9591455;-54.9078826;ok
MT;45;-16.4728022;-54.631325;ok
MT;46;0;0;error
MT;47;0;0;error
MT;48;0;0;error
MT;49;-15.6450956;-56.1029;ok
MT;50;0;0;error
MT;51;-15.5683083;-56.068215;ok
MT;52;-15.6339381;-58.17664749999999;ok
MT;53;-12.9425497;-51.8247041;ok
MT;55;-15.5683083;-56.068215;ok
MT;56;-12.1238071;-58.0022584;ok
MT;57;-14.4247561;-54.0472018;ok
MT;58;-15.6470545;-56.1306765;ok
MT;60;-13.6628944;-57.88885550000001;ok
MT;61;-13.6654222;-59.79220249999999;ok
PA;1;-1.4226787;-48.4667221;ok
PA;2;0;0;error
PA;3;0;0;error
PA;4;-15.127433;-51.410643;ok
PA;5;-1.1286244;-47.6380262;ok
PA;6;0;0;error
PA;7;-1.7212598;-48.8794339;ok
PA;8;-15.127392;-51.410386;ok
PA;9;-15.127641;-51.410686;ok
PA;10;-1.5321052;-49.2242951;ok
PA;11;-1.6237814;-47.4797486;ok
PA;12;-2.2456117;-49.49905709999999;ok
PA;13;-1.0681353;-46.768261;ok
PA;14;-1.2045422;-46.1413392;ok
PA;15;-1.6756219;-50.4779872;ok
PA;16;-0.1550973;-50.3917175;ok
PA;17;-0.1636603;-49.9935552;ok
PA;18;-3.2171461;-52.2170853;ok
PA;19;-2.0026555;-54.0687339;ok
PA;20;-2.4244605;-54.7208472;ok
PA;21;-1.9548625;-54.7411569;ok
PA;22;-1.9063807;-55.5092413;ok
PA;23;-5.337867999999999;-49.10090599999999;ok
PA;24;-8.263022099999999;-49.2619525;ok
PA;25;-1.1922356;-47.1725514;ok
PA;26;-1.410913;-51.6515693;ok
PA;27;-1.3946073;-48.87141279999999;ok
PA;28;-1.4226787;-48.4667221;ok
PA;29;-1.456017;-48.500491;ok
PA;30;-1.3027321;-48.4887969;ok
PA;31;-0.7646017;-47.4547795;ok
PA;32;-15.127268;-51.41266;ok
PA;33;-15.126729;-51.410729;ok
PA;34;-4.269023199999999;-55.980534;ok
PA;35;-2.7967301;-49.6701428;ok
PA;36;-1.3010147;-48.164918;ok
PA;37;-15.127392;-51.413433;ok
PA;38;-1.7771911;-55.8599998;ok
PA;39;0;0;error
PA;40;0;0;error
PA;41;-15.127309;-51.412532;ok
PA;42;-2.9961576;-47.3655601;ok
PA;43;-1.3597726;-48.3726152;ok
PA;44;0;0;error
PA;45;-2.003998;-49.859919;ok
PA;46;-15.127599;-51.410557;ok
PA;47;-1.1712889;-47.7966456;ok
PA;48;-15.127558;-51.4106;ok
PA;49;-2.0430531;-47.5528538;ok
PA;50;-1.6743661;-47.7724455;ok
PA;51;0;0;error
PA;52;-15.127516;-51.410643;ok
PA;53;-6.6399395;-51.97811660000001;ok
PA;54;-15.127475;-51.410643;ok
PA;55;-1.5289351;-52.5714996;ok
PA;56;-15.127351;-51.410642;ok
PA;57;-5.360579599999999;-48.7908029;ok
PA;58;-6.1017348;-49.5982487;ok
PA;59;0;0;error
PA;60;-15.127392;-51.410643;ok
PA;61;0;0;error
PA;62;-6.39187;-48.56059;ok
PA;63;-0.9449757999999999;-47.1191889;ok
PA;64;-0.6225902999999999;-47.3451142;ok
PA;65;-15.127475;-51.410643;ok
PA;66;-1.1924536;-47.3148332;ok
PA;67;-15.127433;-51.410622;ok
PA;68;-4.1141646;-54.9143573;ok
PA;69;-4.447265799999999;-49.1123418;ok
PA;70;-1.9327885;-47.049691;ok
PA;71;0;0;error
PA;72;0;0;error
PA;73;-1.4254513;-48.4625542;ok
PA;74;-6.751820299999999;-51.1544726;ok
PA;75;-6.0681047;-49.9026878;ok
PA;76;-1.4226787;-48.4667221;ok
PA;78;-2.5835085;-49.5059318;ok
PA;79;-3.7198946;-53.7379376;ok
PA;80;-3.839923;-50.637284;ok
PA;81;-1.9372148;-47.04402779999999;ok
PA;82;0;0;error
PA;83;-2.4244605;-54.7208472;ok
PA;84;-4.296663;-47.5529658;ok
PA;85;0;0;error
PA;86;-1.8124451;-49.7980741;ok
PA;87;-1.9950478;-47.9459875;ok
PA;88;-1.8947137;-49.3807548;ok
PA;89;-2.1052797;-56.4908355;ok
PA;90;-0.9856832;-49.9335199;ok
PA;91;-7.0445837;-55.4156326;ok
PA;92;-1.8058736;-53.48159339999999;ok
PA;93;-2.930346;-48.9579275;ok
PA;94;0;0;error
PA;95;-1.456017;-48.500491;ok
PA;96;-1.4226787;-48.4667221;ok
PA;97;-1.4226787;-48.4667221;ok
PA;98;-1.4226787;-48.4667221;ok
PA;99;-1.8072252;-50.7135487;ok
PA;100;-5.337867999999999;-49.10090599999999;ok
PA;101;-4.250051399999999;-49.9518196;ok
PA;102;-6.2286427;-57.76141980000001;ok
PA;103;-3.775372199999999;-49.5650766;ok
PA;104;-2.4244605;-54.7208472;ok
PA;105;-2.1549189;-56.0944443;ok
PA;106;0;0;error
PB;1;-7.1150657;-34.8790536;ok
PB;2;-7.1265733;-34.9670731;ok
PB;3;-7.1411747;-35.0925071;ok
PB;4;-7.091749200000001;-35.22701929999999;ok
PB;5;0;0;error
PB;6;-7.3305539;-35.336501;ok
PB;7;-6.838610399999999;-35.1354786;ok
PB;8;0;0;error
PB;9;-7.0388256;-35.6308787;ok
PB;10;-6.8509635;-35.486598;ok
PB;11;0;0;error
PB;12;-6.8199524;-35.64146789999999;ok
PB;13;-7.0605563;-35.7619494;ok
PB;14;0;0;error
PB;15;-6.6177829;-35.4721413;ok
PB;16;0;0;error
PB;17;-7.2315723;-35.8921784;ok
PB;18;0;0;error
PB;19;0;0;error
PB;20;0;0;error
PB;21;-7.4931663;-36.2890427;ok
PB;22;-7.389041299999999;-36.5308296;ok
PB;23;-7.063652299999999;-36.3619129;ok
PB;24;-6.4828094;-36.1570245;ok
PB;25;-6.5087746;-36.3484695;ok
PB;26;-6.871426899999999;-36.9124799;ok
PB;27;-7.2096782;-36.8258009;ok
PB;28;-7.0248177;-37.2750575;ok
PB;29;-7.888740400000001;-37.1171054;ok
PB;30;0;0;error
PB;31;0;0;error
PB;32;0;0;error
PB;33;0;0;error
PB;34;-7.7386401;-37.9935707;ok
PB;35;0;0;error
PB;36;-6.3498353;-37.7461683;ok
PB;37;-6.7256809;-38.455179;ok
PB;38;-6.3487635;-37.4943314;ok
PB;39;0;0;error
PB;40;-7.119541399999999;-38.4993445;ok
PB;41;-7.060503499999999;-35.3185362;ok
PB;42;-6.8879902;-38.5553142;ok
PB;43;-7.6741635;-36.8787612;ok
PB;44;-7.4027992;-35.1154646;ok
PB;45;-6.8689196;-35.6158363;ok
PB;46;0;0;error
PB;47;-6.789812;-35.490405;ok
PB;48;-6.7605144;-35.6573135;ok
PB;49;-7.5465978;-35.70781729999999;ok
PB;50;-7.0486729;-36.1328132;ok
PB;51;-6.9037089;-37.52042429999999;ok
PB;52;-7.013818;-37.9404964;ok
PB;53;-6.5181705;-38.4062196;ok
PB;54;0;0;error
PB;55;-6.8042339;-35.0778842;ok
PB;56;0;0;error
PB;57;-6.9707068;-34.8379381;ok
PB;58;-7.482718299999999;-36.6617805;ok
PB;59;0;0;error
PB;60;-6.6143849;-35.2914511;ok
PB;61;-7.124842900000001;-34.9238827;ok
PB;62;-7.4863673;-36.1302617;ok
PB;63;0;0;error
PB;64;-7.1150657;-34.8790536;ok
PB;65;-7.0248558;-37.272874;ok
PB;66;0;0;error
PB;67;-6.963960399999999;-35.7917162;ok
PB;68;0;0;error
PB;69;-6.4872536;-37.4470532;ok
PB;70;-7.1150657;-34.8790536;ok
PB;71;-7.2315723;-35.8921784;ok
PB;72;-7.2315723;-35.8921784;ok
PB;73;-7.4312103;-34.9117627;ok
PB;74;-7.693098999999999;-37.083526;ok
PB;75;-7.124047200000001;-35.4253112;ok
PB;76;-7.1150657;-34.8790536;ok
PB;77;-7.1150657;-34.8790536;ok
PE;1;-8.071733199999999;-34.88086620000001;ok
PE;2;-8.0717521;-34.881805;ok
PE;3;0;0;error
PE;4;-8.0717521;-34.881805;ok
PE;5;-8.0717521;-34.881805;ok
PE;6;-8.0717521;-34.881805;ok
PE;7;-8.0717521;-34.881805;ok
PE;8;-8.0717521;-34.881805;ok
PE;9;-8.0193143;-34.8938934;ok
PE;10;-7.9978266;-34.8410593;ok
PE;11;-8.1588204;-34.9277431;ok
PE;12;-7.9424996;-34.8793142;ok
PE;13;-7.9937086;-35.0409882;ok
PE;14;-8.1180866;-35.0998747;ok
PE;15;0;0;error
PE;16;-8.4428697;-35.0170959;ok
PE;17;-7.896461599999999;-35.1753693;ok
PE;18;-8.120510399999999;-35.3014064;ok
PE;19;-8.3692653;-35.2383202;ok
PE;20;-7.848000999999999;-35.259888;ok
PE;21;0;0;error
PE;22;-8.5913592;-35.1184175;ok
PE;23;-7.7433464;-35.2254203;ok
PE;24;0;0;error
PE;25;-7.5615083;-35.001616;ok
PE;26;-8.6602225;-35.1526388;ok
PE;27;0;0;error
PE;28;0;0;error
PE;29;0;0;error
PE;30;0;0;error
PE;31;-8.3768469;-35.4500083;ok
PE;32;-22.943406;-46.9944265;ok
PE;33;-7.802173400000001;-35.5806026;ok
PE;34;0;0;error
PE;35;0;0;error
PE;36;-7.5192457;-35.3103241;ok
PE;37;-8.693743399999999;-35.6091288;ok
PE;38;-8.706515600000001;-35.5266317;ok
PE;39;0;0;error
PE;40;-8.4336021;-35.8061032;ok
PE;41;-8.2592311;-35.96638069999999;ok
PE;42;-8.8128418;-35.2001936;ok
PE;43;-8.6633246;-35.7192854;ok
PE;44;-8.3270863;-36.1403009;ok
PE;45;-8.3381254;-36.4242604;ok
PE;46;-7.876086099999999;-35.9805528;ok
PE;47;-8.8245648;-36.0091979;ok
PE;48;-8.4899535;-36.0592595;ok
PE;49;0;0;error
PE;50;0;0;error
PE;51;-7.903264300000001;-36.0402597;ok
PE;52;0;0;error
PE;53;-8.8803802;-36.1978831;ok
PE;54;-8.1470019;-36.3700229;ok
PE;55;-8.3613325;-36.7033069;ok
PE;56;-8.8796663;-36.4983004;ok
PE;57;0;0;error
PE;58;-8.4993658;-36.9427842;ok
PE;59;-9.1247703;-36.3281377;ok
PE;60;-8.6213014;-37.1556544;ok
PE;61;-9.1709037;-36.6840962;ok
PE;62;0;0;error
PE;63;-8.9048816;-37.8260475;ok
PE;64;-9.1120322;-37.1226284;ok
PE;65;-8.089051999999999;-37.6393069;ok
PE;66;-7.750436700000001;-37.63208520000001;ok
PE;67;-7.864129299999999;-37.9761939;ok
PE;68;-7.4711159;-37.2743126;ok
PE;69;-7.838388699999999;-38.1032617;ok
PE;70;-8.968645;-38.2227781;ok
PE;71;-7.9902082;-38.2901925;ok
PE;72;-8.5998228;-38.5712414;ok
PE;73;-8.7543759;-38.9672613;ok
PE;74;-7.863421000000001;-38.76078649999999;ok
PE;75;-8.0681083;-39.120987;ok
PE;76;-7.948022099999999;-39.2933106;ok
PE;77;-8.508637199999999;-39.3176982;ok
PE;78;-8.0888855;-39.5773356;ok
PE;79;-7.515461199999999;-39.7224801;ok
PE;80;-7.7801411;-39.9356441;ok
PE;81;-8.8033842;-39.8285711;ok
PE;82;-7.894272099999999;-40.0903228;ok
PE;83;0;0;error
PE;84;-7.5754343;-40.4953059;ok
PE;85;-7.8300953;-34.9090912;ok
PE;86;-8.4578388;-35.9458742;ok
PE;87;-8.8886486;-36.2824584;ok
PE;88;-7.861375900000001;-35.5903843;ok
PE;89;0;0;error
PE;90;-7.552648599999999;-35.4478309;ok
PE;91;-7.9945667;-35.5770969;ok
PE;92;-8.8796663;-36.4983004;ok
PE;93;-7.6569615;-35.314268;ok
PE;94;0;0;error
PE;95;0;0;error
PE;96;-7.746538500000001;-35.6036352;ok
PE;97;-8.1355703;-35.8579427;ok
PE;98;0;0;error
PE;99;-7.380086800000001;-37.1884391;ok
PE;100;-7.9978266;-34.8410593;ok
PE;101;-8.2241944;-34.9435873;ok
PE;102;-8.120510399999999;-35.3014064;ok
PE;104;-7.5615083;-35.001616;ok
PE;105;-8.2591983;-35.9663379;ok
PE;106;0;0;error
PE;107;-8.516221;-41.0058751;ok
PE;108;-8.273971099999999;-38.034382;ok
PE;109;-7.9522447;-36.2019039;ok
PE;110;-8.1578689;-34.934041;ok
PE;111;0;0;error
PE;112;-8.0089614;-36.0580547;ok
PE;113;-8.0124278;-34.8599705;ok
PE;114;-7.937098700000001;-34.8821214;ok
PE;115;0;0;error
PE;116;0;0;error
PE;117;-7.9978266;-34.8410593;ok
PE;118;-8.2087792;-34.9202014;ok
PE;119;-7.908231499999999;-34.9011111;ok
PE;120;-8.6294118;-36.8034921;ok
PE;121;-8.2893107;-35.0417938;ok
PE;122;-8.6553232;-35.9048638;ok
PE;123;0;0;error
PE;124;0;0;error
PE;125;-7.586691299999999;-35.0972566;ok
PE;126;-8.0091577;-35.7007012;ok
PE;127;-8.0188069;-34.9828183;ok
PE;128;-8.5369703;-37.6901609;ok
PE;129;-7.649532799999999;-40.1478265;ok
PE;130;0;0;error
PE;131;-7.766747999999999;-34.8328598;ok
PE;132;-8.36096;-35.7626205;ok
PE;133;-7.7601646;-40.2676968;ok
PE;134;-7.985756599999998;-36.4975546;ok
PE;135;-7.950607799999999;-35.3850722;ok
PE;136;-8.970429;-36.6885015;ok
PE;137;-8.9961665;-40.2707393;ok
PE;138;-8.0188069;-34.9828183;ok
PE;139;0;0;error
PE;140;0;0;error
PE;141;-7.5906276;-35.4820721;ok
PE;142;-8.3296925;-35.3516452;ok
PE;143;-8.9495881;-37.4231991;ok
PE;144;-9.400236;-40.49650800000001;ok
PE;145;0;0;error
PE;146;-7.940342099999999;-34.8798633;ok
PE;147;-8.1588204;-34.9277431;ok
PE;149;-8.0717521;-34.881805;ok
PE;150;-8.0717521;-34.881805;ok
PI;1;-5.0888806;-42.8123814;ok
PI;2;-5.0888806;-42.8123814;ok
PI;3;-2.9097521;-41.7747865;ok
PI;4;-2.9037102;-41.7673125;ok
PI;5;-7.0145225;-42.12200259999999;ok
PI;6;-4.2432605;-42.2955003;ok
PI;7;-4.8279003;-42.1646677;ok
PI;8;-6.2402397;-42.8570181;ok
PI;9;-6.7714536;-43.0271028;ok
PI;10;-7.079422900000001;-41.4458383;ok
PI;11;-4.2753472;-41.7833523;ok
PI;12;-4.426952000000001;-41.45865999999999;ok
PI;13;-9.018683;-42.696406;ok
PI;14;-7.241773;-44.553235;ok
PI;15;-9.076877399999999;-44.36297640000001;ok
PI;16;-4.587424299999999;-42.8633605;ok
PI;17;-4.169616;-42.89302800000001;ok
PI;18;-6.4021415;-41.736121;ok
PI;19;-7.355779;-41.139964;ok
PI;20;-8.3623797;-42.2534753;ok
PI;21;-3.931224;-41.71099;ok
PI;22;-10.435249;-45.177768;ok
PI;23;-9.113882100000001;-45.9225191;ok
PI;24;-4.757848;-42.575967;ok
PI;25;-7.090713999999999;-43.509606;ok
PI;26;-10.2304843;-44.6393447;ok
PI;27;-3.4668641;-42.3682032;ok
PI;28;-7.636119099999998;-43.9530241;ok
PI;29;-6.8336051;-40.6138658;ok
PI;30;-5.925878200000001;-42.7189095;ok
PI;31;0;0;error
PI;32;-5.0370228;-42.4607417;ok
PI;33;-3.1715321;-41.8649638;ok
PI;34;-5.3228174;-41.5564271;ok
PI;35;-9.8289489;-45.33982719999999;ok
PI;36;-8.1113728;-42.9436709;ok
PI;37;-7.860268;-41.910064;ok
PI;38;-8.1378474;-41.1372167;ok
PI;39;-5.500904999999999;-41.329558;ok
PI;40;-7.087616199999999;-40.6151525;ok
PI;41;-3.8992023;-42.2326589;ok
PI;42;0;0;error
PI;43;-6.2363114;-42.6878635;ok
PI;44;-7.5569085;-45.2451394;ok
PI;45;-4.0238469;-42.08093239999999;ok
PI;46;-6.788050999999999;-43.571113;ok
PI;47;-5.4565858;-42.3597877;ok
PI;48;-6.2026001;-42.1393009;ok
PI;49;-3.8944302;-42.7172554;ok
PI;50;0;0;error
PI;51;-10.0282603;-44.3011135;ok
PI;52;-5.891172099999999;-42.6354305;ok
PI;53;0;0;error
PI;54;-5.3641741;-42.6738445;ok
PI;55;-28.3031993;-54.2643559;ok
PI;56;-7.598491899999999;-40.8187548;ok
PI;57;-7.440614000000001;-41.4748343;ok
PI;58;-5.5612711;-42.6104524;ok
PI;59;0;0;error
PI;60;-6.9728089;-42.674409;ok
PI;61;-6.7714536;-43.0271028;ok
PI;62;-7.079422900000001;-41.4458383;ok
PI;63;-5.0888806;-42.8123814;ok
PI;64;0;0;error
PI;65;-6.995133699999999;-41.1373712;ok
PI;66;0;0;error
PI;67;-8.0088396;-43.8718379;ok
PI;68;-7.352632599999999;-40.9096091;ok
PI;69;0;0;error
PI;70;-5.994564;-42.702624;ok
PI;71;-4.4548519;-41.937084;ok
PI;72;-7.6027305;-43.0240762;ok
PI;73;-7.864615000000001;-42.503593;ok
PI;74;0;0;error
PI;75;-7.2636555;-43.9256481;ok
PI;76;-5.9377169;-42.1128369;ok
PI;77;-6.652502;-42.536807;ok
PI;78;0;0;error
PI;79;-9.2804064;-43.3298218;ok
PI;80;-3.7179205;-42.5565264;ok
PI;81;-7.656452;-41.882439;ok
PI;82;-6.5448405;-42.2482832;ok
PI;83;-7.7775235;-42.2544475;ok
PI;84;-6.086247699999999;-42.7373449;ok
PI;85;-3.5059101;-42.1949333;ok
PI;86;-3.9848665;-42.6237232;ok
PI;87;0;0;error
PI;88;-10.135827;-43.954251;ok
PI;89;-6.8250101;-41.7378254;ok
PI;90;-8.0991539;-43.6602889;ok
PI;91;-2.8788965;-41.6654265;ok
PI;92;-6.1099669;-41.791265;ok
PI;93;-6.9440617;-41.3224475;ok
PI;94;-9.757128;-45.304314;ok
PI;95;-9.018683;-42.696406;ok
PI;96;-4.8279003;-42.1646677;ok
PI;97;-5.0888806;-42.8123814;ok
PI;98;-5.0888806;-42.8123814;ok
PR;1;-25.4564688;-49.2559756;ok
PR;2;-25.4564688;-49.2559756;ok
PR;3;-25.4564688;-49.2559756;ok
PR;4;-25.4564688;-49.2559756;ok
PR;5;-25.5241438;-48.5244434;ok
PR;6;-25.4334927;-48.7121448;ok
PR;7;0;0;error
PR;8;-25.5389704;-49.2059484;ok
PR;9;-25.4684884;-49.5251381;ok
PR;10;0;0;error
PR;11;-26.1046229;-49.7968494;ok
PR;12;-25.872896;-50.3863659;ok
PR;13;-25.4238808;-49.9991722;ok
PR;14;-25.1088432;-50.15783949999999;ok
PR;15;-25.1088432;-50.15783949999999;ok
PR;16;0;0;error
PR;17;0;0;error
PR;18;0;0;error
PR;19;0;0;error
PR;20;-23.88575;-49.803678;ok
PR;21;-23.6859787;-49.830991;ok
PR;22;-23.2989758;-50.0810705;ok
PR;23;-23.2028254;-49.75558520000001;ok
PR;24;-23.1480942;-49.9773146;ok
PR;25;-23.0498083;-50.0787373;ok
PR;26;-23.1873942;-50.6558266;ok
PR;27;-24.5421755;-49.9375019;ok
PR;28;-23.5618321;-51.4699468;ok
PR;29;-25.2313888;-50.61375260000001;ok
PR;30;-25.2146498;-50.98047589999999;ok
PR;31;-24.0490043;-52.3793845;ok
PR;32;0;0;error
PR;33;-26.2337991;-51.08611399999999;ok
PR;34;-25.4660966;-50.6484926;ok
PR;35;-23.3828635;-50.8486675;ok
PR;36;-25.0312072;-50.58234100000001;ok
PR;37;-25.8831171;-50.8209616;ok
PR;38;-24.764552;-51.7632651;ok
PR;39;0;0;error
PR;40;-23.0570466;-51.03574529999999;ok
PR;41;-23.3346295;-51.1522821;ok
PR;42;-23.3346295;-51.1522821;ok
PR;43;-25.3955584;-51.4579051;ok
PR;44;-25.3955584;-51.4579051;ok
PR;45;-25.3979864;-52.410852;ok
PR;46;-25.5241637;-54.5649719;ok
PR;47;-26.4117287;-52.3638281;ok
PR;48;-25.2087272;-49.1118878;ok
PR;49;-25.292491;-49.23116599999999;ok
PR;50;-25.583523;-49.406355;ok
PR;51;0;0;error
PR;52;0;0;error
PR;53;-25.3810032;-50.46350959999999;ok
PR;54;-24.1144914;-49.4604836;ok
PR;55;-23.4979299;-49.9231099;ok
PR;56;0;0;error
PR;57;-23.0561019;-50.2282145;ok
PR;58;-23.0976994;-50.371508;ok
PR;59;-23.3220852;-51.3659439;ok
PR;60;-23.5206389;-51.665717;ok
PR;61;-23.4195299;-51.4358837;ok
PR;62;-25.6158445;-50.6934124;ok
PR;63;-23.7299136;-50.7409793;ok
PR;64;0;0;error
PR;65;-22.7589624;-51.377303;ok
PR;66;-23.4353445;-51.9072567;ok
PR;67;-23.2323026;-51.667263;ok
PR;68;-24.9693665;-53.492281;ok
PR;69;-26.0834313;-53.058001;ok
PR;70;0;0;error
PR;71;-23.203748;-52.254972;ok
PR;72;-23.0857874;-52.4555455;ok
PR;73;-26.2237322;-52.6800082;ok
PR;74;-23.9102358;-52.345657;ok
PR;75;-24.7205809;-53.7552337;ok
PR;76;-23.7461692;-51.3103948;ok
PR;77;-22.991792;-51.199065;ok
PR;78;-23.2833239;-51.2643578;ok
PR;79;-23.8529582;-50.1957777;ok
PR;80;-23.2752822;-51.06640609999999;ok
PR;81;-23.4755174;-51.7894392;ok
PR;82;0;0;error
PR;83;0;0;error
PR;84;0;0;error
PR;85;-22.9191773;-53.135381;ok
PR;86;0;0;error
PR;87;-23.1287232;-52.3190962;ok
PR;88;-23.6611791;-52.59563619999999;ok
PR;89;-23.7587297;-53.3136111;ok
PR;90;-24.0833371;-54.25106359999999;ok
PR;91;0;0;error
PR;92;-24.1876297;-53.0207481;ok
PR;93;-24.2490125;-51.6759157;ok
PR;94;-23.0039049;-53.1914854;ok
PR;95;-22.8381455;-51.9727719;ok
PR;96;-22.7956486;-52.9814383;ok
PR;97;-24.000195;-53.7047898;ok
PR;98;-24.5387099;-52.9926316;ok
PR;99;-23.550703;-50.5536894;ok
PR;100;0;0;error
PR;101;-25.9997886;-52.5652366;ok
PR;102;-23.3638074;-52.0883917;ok
PR;103;-25.8537335;-52.52068269999999;ok
PR;104;-22.8493746;-51.02417699999999;ok
PR;105;0;0;error
PR;106;-24.6605889;-51.1245346;ok
PR;107;-25.6663142;-53.80727599999999;ok
PR;108;0;0;error
PR;109;0;0;error
PR;110;-24.0050361;-51.3283353;ok
PR;111;-24.3316865;-50.6128127;ok
PR;112;-25.1000502;-52.870551;ok
PR;113;-24.4034316;-53.507436;ok
PR;114;-25.296769;-54.0862768;ok
PR;115;0;0;error
PR;116;-23.7981601;-52.26474;ok
PR;117;0;0;error
PR;118;-25.2394894;-53.973586;ok
PR;119;-24.0410604;-50.4543635;ok
PR;120;-24.2949554;-53.31127979999999;ok
PR;121;-24.5525964;-54.0596816;ok
PR;122;-25.342246;-54.2433674;ok
PR;123;-23.8706029;-53.8912767;ok
PR;124;-24.2988167;-53.8456246;ok
PR;125;-24.1570525;-54.102752;ok
PR;126;-24.7947961;-53.2977924;ok
PR;127;-23.381939;-52.943451;ok
PR;128;0;0;error
PR;129;0;0;error
PR;130;0;0;error
PR;131;0;0;error
PR;132;-23.9969385;-51.8142352;ok
PR;133;-24.023345;-52.014274;ok
PR;134;-24.8831136;-52.212851;ok
PR;135;0;0;error
PR;136;-24.147297;-51.5010288;ok
PR;137;-23.4324317;-51.9047429;ok
PR;138;-23.0857874;-52.4555455;ok
PR;139;-25.1088432;-50.15783949999999;ok
PR;140;0;0;error
PR;141;0;0;error
PR;142;-23.7587297;-53.3136111;ok
PR;143;-24.9693665;-53.492281;ok
PR;144;-25.6523104;-49.3088548;ok
PR;145;-25.4564688;-49.2559756;ok
PR;146;-23.3346295;-51.1522821;ok
PR;147;-25.5241637;-54.5649719;ok
PR;148;-24.7205809;-53.7552337;ok
PR;149;-23.6544158;-52.6123049;ok
PR;150;-23.0419409;-51.81856639999999;ok
PR;151;0;0;error
PR;152;-24.2490125;-51.6759157;ok
PR;153;-26.2337991;-51.08611399999999;ok
PR;154;-23.4353445;-51.9072567;ok
PR;155;-25.451453;-49.0705298;ok
PR;156;-24.7156037;-53.7380849;ok
PR;157;-23.3346295;-51.1522821;ok
PR;158;-25.5228274;-48.5269611;ok
PR;159;-22.8281609;-51.5942903;ok
PR;160;-25.7034994;-51.6460369;ok
PR;161;-25.8879504;-48.5840194;ok
PR;162;0;0;error
PR;163;-25.4590613;-52.9036888;ok
PR;164;-24.1426983;-49.8225417;ok
PR;165;-25.4899808;-53.60609609999999;ok
PR;166;0;0;error
PR;167;-24.2031185;-50.9248193;ok
PR;168;-25.936272;-52.1816061;ok
PR;169;0;0;error
PR;170;0;0;error

PR;171;-25.31438;-49.2974058;ok
PR;172;-23.3984163;-53.6130958;ok
PR;173;-23.7612626;-52.4446374;ok
PR;174;-25.4564688;-49.2559756;ok
PR;175;-25.4564688;-49.2559756;ok
PR;176;-25.4564688;-49.2559756;ok
PR;177;-25.4564688;-49.2559756;ok
PR;178;-25.4564688;-49.2559756;ok
PR;179;-23.5618321;-51.4699468;ok
PR;180;-23.419463;-51.4358182;ok
PR;181;-23.2833239;-51.2643578;ok
PR;182;-25.4684884;-49.5251381;ok
PR;183;-24.0490043;-52.3793845;ok
PR;184;-24.9690746;-53.4931922;ok
PR;185;-24.9690746;-53.4931922;ok
PR;186;-25.292491;-49.23116599999999;ok
PR;187;-25.4419341;-49.1856571;ok
PR;188;-25.4419341;-49.1856571;ok
PR;189;-23.3346295;-51.1522821;ok
PR;190;-23.3346295;-51.1522821;ok
PR;191;-23.3346295;-51.1522821;ok
PR;192;-23.4569678;-51.9176393;ok
PR;193;-23.4353445;-51.9072567;ok
PR;194;0;0;error
PR;195;-25.3081092;-49.0577784;ok
PR;196;-24.5210287;-51.6719386;ok
PR;197;-25.1088432;-50.15783949999999;ok
PR;198;-25.1088432;-50.15783949999999;ok
PR;199;-25.5381575;-49.20439330000001;ok
PR;200;-25.5389704;-49.2059484;ok
PR;201;-24.7205809;-53.7552337;ok
PR;202;0;0;error
PR;203;-25.370373;-52.1180021;ok
PR;204;-25.5241637;-54.5649719;ok
PR;205;-25.5241637;-54.5649719;ok
PR;206;-23.4538743;-51.85781309999999;ok
RJ;4;-22.9721342;-43.2243273;ok
RJ;5;-22.977688;-43.1926298;ok
RJ;7;-22.924884;-43.235829;ok
RJ;8;-22.8814156;-43.2743305;ok
RJ;9;-22.9924606;-43.366854;ok
RJ;10;-22.8937831;-43.311875;ok
RJ;14;-22.8953333;-43.2804623;ok
RJ;16;-22.9325432;-43.1791038;ok
RJ;17;-22.9721342;-43.2243273;ok
RJ;21;-22.8431234;-43.266031;ok
RJ;22;-22.845758;-43.3239519;ok
RJ;23;-22.8616932;-43.36998029999999;ok
RJ;24;-22.8713574;-43.4611319;ok
RJ;25;-22.9125248;-43.6864892;ok
RJ;26;0;0;error
RJ;27;-22.7614725;-43.4512166;ok
RJ;28;-22.1632946;-43.290199;ok
RJ;29;-22.5039899;-43.1753617;ok
RJ;30;-22.6275168;-43.8988569;ok
RJ;31;-22.4675561;-44.4486634;ok
RJ;32;0;0;error
RJ;33;-21.9585057;-42.01013349999999;ok
RJ;34;0;0;error
RJ;35;-21.6472033;-41.7467669;ok
RJ;36;-22.8241194;-43.048612;ok
RJ;37;-21.6341208;-41.0466282;ok
RJ;38;-22.4043973;-42.963667;ok
RJ;39;-22.0637245;-42.0602746;ok
RJ;40;-22.1224115;-43.20907829999999;ok
RJ;41;-22.406729;-43.6620822;ok
RJ;42;-22.1509545;-42.4197127;ok
RJ;43;0;0;error
RJ;44;-22.807938;-43.41935290000001;ok
RJ;45;0;0;error
RJ;46;-22.776437;-43.365021;ok
RJ;48;-22.4577374;-43.4806912;ok
RJ;49;0;0;error
RJ;50;-22.4836725;-42.20154309999999;ok
RJ;51;0;0;error
RJ;52;-22.0285108;-42.3626139;ok
RJ;53;-22.0511208;-42.5204361;ok
RJ;54;-22.9389834;-44.0361937;ok
RJ;55;-22.917536;-42.8121619;ok
RJ;56;0;0;error
RJ;57;-23.2207729;-44.7137788;ok
RJ;58;-22.2072355;-43.6138266;ok
RJ;59;-22.8420155;-42.1018347;ok
RJ;60;0;0;error
RJ;61;-21.995362;-42.914604;ok
RJ;62;-22.9288377;-42.4881893;ok
RJ;63;-22.6497233;-42.3898422;ok
RJ;64;-22.0496538;-42.6748232;ok
RJ;65;-22.4501911;-43.1444537;ok
RJ;66;-22.7992504;-43.29314919999999;ok
RJ;68;-22.8240509;-43.0485135;ok
RJ;69;-22.8240509;-43.0485135;ok
RJ;70;0;0;error
RJ;71;-22.8927788;-43.1179915;ok
RJ;72;0;0;error
RJ;73;0;0;error
RJ;74;-22.5420344;-43.6813406;ok
RJ;75;-21.7547428;-41.326182;ok
RJ;76;-21.7547428;-41.326182;ok
RJ;77;-22.7992504;-43.29314919999999;ok
RJ;78;-22.7992504;-43.29314919999999;ok
RJ;79;-22.7992504;-43.29314919999999;ok
RJ;80;-22.807938;-43.41935290000001;ok
RJ;83;-22.7826135;-43.4304936;ok
RJ;84;-22.7585457;-43.4557455;ok
RJ;87;-22.8547505;-43.0979895;ok
RJ;88;-22.7785064;-43.3679338;ok
RJ;89;-22.776437;-43.365021;ok
RJ;90;-22.507149;-44.09463909999999;ok
RJ;91;-22.5473906;-44.15922399999999;ok
RJ;92;-22.877351;-42.3407752;ok
RJ;93;-22.4598474;-43.8218706;ok
RJ;94;-22.546884;-44.157812;ok
RJ;95;-21.1349019;-41.6783947;ok
RJ;96;-22.8816233;-42.0194839;ok
RJ;97;-21.5764551;-41.9115527;ok
RJ;98;-21.7547428;-41.326182;ok
RJ;99;-21.7547428;-41.326182;ok
RJ;100;-21.7547428;-41.326182;ok
RJ;101;-21.9814315;-42.36973589999999;ok
RJ;102;-21.9334012;-42.6107404;ok
RJ;103;-22.7992504;-43.29314919999999;ok
RJ;104;-22.7472119;-42.8928897;ok
RJ;105;-22.8716343;-43.7795697;ok
RJ;106;0;0;error
RJ;107;-21.2061165;-41.889746;ok
RJ;108;-22.7262064;-44.13765;ok
RJ;109;-22.3698578;-41.7804483;ok
RJ;110;-22.6576755;-43.03821629999999;ok
RJ;111;0;0;error
RJ;112;0;0;error
RJ;116;-23.010027;-44.3212292;ok
RJ;118;-22.8823395;-43.3248073;ok
RJ;119;-22.9924606;-43.366854;ok
RJ;120;0;0;error
RJ;122;-22.8947373;-43.5595964;ok
RJ;123;-22.8558492;-43.38652949999999;ok
RJ;125;-22.9184709;-43.68552;ok
RJ;126;-22.7992504;-43.29314919999999;ok
RJ;127;-22.7992504;-43.29314919999999;ok
RJ;128;-22.7992116;-43.2930765;ok
RJ;129;-21.7547428;-41.326182;ok
RJ;130;0;0;error
RJ;131;0;0;error
RJ;132;-22.8240509;-43.0485135;ok
RJ;133;-22.824288;-43.0446481;ok
RJ;135;-22.8240509;-43.0485135;ok
RJ;138;-22.7109356;-43.5610049;ok
RJ;139;0;0;error
RJ;141;-21.4329278;-41.6971658;ok
RJ;144;0;0;error
RJ;145;-22.7785064;-43.3679338;ok
RJ;146;-22.9698582;-42.0241444;ok
RJ;147;-23.0094829;-44.31987489999999;ok
RJ;148;-22.6147795;-43.1779352;ok
RJ;149;0;0;error
RJ;150;-22.7826135;-43.4304936;ok
RJ;151;-22.7472119;-42.8928897;ok
RJ;152;-22.7628983;-43.4049606;ok
RJ;153;-22.7628983;-43.4049606;ok
RJ;154;-22.7628983;-43.4049606;ok
RJ;155;-22.7628983;-43.4049606;ok
RJ;156;0;0;error
RJ;157;-22.7612879;-43.4505334;ok
RJ;158;0;0;error
RJ;159;-22.7585457;-43.4557455;ok
RJ;161;0;0;error
RJ;162;-22.8430637;-43.2659844;ok
RJ;167;0;0;error
RJ;169;-22.6924142;-43.4464701;ok
RJ;170;-22.9149683;-43.2344101;ok
RJ;172;0;0;error
RJ;174;-22.1224115;-43.20907829999999;ok
RJ;176;-22.8465484;-43.3243608;ok
RJ;179;-22.9924606;-43.366854;ok
RJ;180;-22.9174032;-43.3678579;ok
RJ;181;-22.8421636;-42.2255827;ok
RJ;182;-22.9174032;-43.3678579;ok
RJ;183;-22.4188176;-44.3033822;ok
RJ;184;-22.5281747;-41.9521255;ok
RJ;185;-22.9174032;-43.3678579;ok
RJ;186;-22.7779102;-43.36710370000001;ok
RJ;187;-22.7757008;-43.3624887;ok
RJ;188;-22.849858;-43.310847;ok
RJ;191;-22.8068028;-43.1812446;ok
RJ;192;0;0;error
RJ;194;-22.7992504;-43.29314919999999;ok
RJ;195;-22.4043973;-42.963667;ok
RJ;196;0;0;error
RJ;198;-22.4675561;-44.4486634;ok
RJ;199;-22.8927788;-43.1179915;ok
RJ;200;-22.7992504;-43.29314919999999;ok
RJ;201;-22.8080525;-43.4192441;ok
RJ;203;-22.546884;-44.157812;ok
RJ;204;-22.8970685;-43.1897185;ok
RJ;211;-22.9721342;-43.2243273;ok
RJ;214;-22.9046107;-43.2948475;ok
RJ;216;-22.8814156;-43.2743305;ok
RJ;218;-22.8808493;-43.3259114;ok
RJ;219;-22.8808493;-43.3259114;ok
RJ;221;-22.807938;-43.41935290000001;ok
RJ;222;-22.2804858;-42.5329495;ok
RJ;225;0;0;error
RJ;229;-22.9149683;-43.2344101;ok
RJ;230;-22.8713574;-43.4611319;ok
RJ;233;-22.8713574;-43.4611319;ok
RJ;234;-22.8713574;-43.4611319;ok
RJ;238;-22.8713574;-43.4611319;ok
RJ;241;-22.9184709;-43.68552;ok
RJ;242;-22.907394;-43.5697614;ok
RJ;243;-22.9180884;-43.68542619999999;ok
RJ;245;-22.9038925;-43.5732498;ok
RJ;246;-22.9184709;-43.68552;ok
RJ;249;-21.7547428;-41.326182;ok
RJ;254;-22.3719933;-41.781197;ok
RJ;255;-22.1113113;-41.4738576;ok
RJ;256;0;0;error
RN;1;-5.817703499999999;-35.2038213;ok
RN;2;-5.8161144;-35.2031038;ok
RN;3;-5.8161144;-35.2031038;ok
RN;4;-5.817703499999999;-35.2038213;ok
RN;5;-5.8641667;-35.3514834;ok
RN;6;0;0;error
RN;7;-6.0690197;-35.24836270000001;ok
RN;8;-5.8916195;-35.76569;ok
RN;9;-6.2686717;-35.2050404;ok
RN;10;0;0;error
RN;11;-6.3823618;-35.1297156;ok
RN;12;-6.4872596;-35.4344379;ok
RN;13;-6.3079037;-35.4758486;ok
RN;14;-5.199393199999999;-35.4612007;ok
RN;15;-6.3174664;-35.7130832;ok
RN;16;0;0;error
RN;17;-5.699689999999999;-36.2437104;ok
RN;18;-5.6615926;-36.6015769;ok
RN;19;-5.9713037;-36.07338550000001;ok
RN;20;-6.2532517;-36.5275551;ok
RN;21;0;0;error
RN;22;0;0;error
RN;23;-6.5889224;-36.7741927;ok
RN;24;0;0;error
RN;25;-6.4643335;-37.110995;ok
RN;26;-6.4643335;-37.110995;ok
RN;27;-6.035487499999999;-37.0172286;ok
RN;28;0;0;error
RN;29;-5.5762128;-36.91493760000001;ok
RN;30;-5.1148541;-36.6352752;ok
RN;31;-5.857728799999999;-37.3113612;ok
RN;32;-4.949861299999999;-37.1253949;ok
RN;33;-5.166078499999999;-37.3594323;ok
RN;34;-5.173960399999999;-37.3537388;ok
RN;35;0;0;error
RN;36;-5.7925885;-37.5580199;ok
RN;37;-6.1130477;-37.6398671;ok
RN;38;-6.0906547;-37.9118058;ok
RN;39;0;0;error
RN;40;-6.1282435;-38.2052809;ok
RN;41;0;0;error
RN;42;-6.413791799999999;-38.3870424;ok
RN;43;-6.2105583;-38.4961168;ok
RN;44;-6.0682927;-35.3297759;ok
RN;45;0;0;error
RN;46;-5.6194903;-35.5987964;ok
RN;47;-5.2573197;-36.71750189999999;ok
RN;48;0;0;error
RN;49;-5.6407564;-37.25774190000001;ok
RN;50;0;0;error
RN;51;-5.7892487;-35.3344258;ok
RN;52;-5.0641995;-36.0404496;ok
RN;53;-6.2010067;-35.8018396;ok
RN;54;-5.5016301;-36.5055593;ok
RN;55;-6.1513189;-37.7684;ok
RN;56;-6.4119895;-36.7898051;ok
RN;57;-5.4548744;-37.5185858;ok
RN;58;-5.173960399999999;-37.3537388;ok
RN;59;-6.3789931;-37.3483032;ok
RN;60;-6.286414799999999;-38.1649506;ok
RN;61;-6.438740699999999;-35.2190467;ok
RN;62;-5.6196624;-35.6579954;ok
RN;63;-6.0238546;-37.9877583;ok
RN;64;-5.7056795;-35.29127769999999;ok
RN;65;-6.1282435;-38.2052809;ok
RN;66;0;0;error
RN;67;0;0;error
RN;68;0;0;error
RN;69;-5.8161144;-35.2031038;ok
RO;1;-10.7909617;-65.33084029999999;ok
RO;2;-8.7714676;-63.90492740000001;ok
RO;3;-10.8776125;-61.9506886;ok
RO;4;-12.7348394;-60.1357157;ok
RO;5;-12.4369594;-64.2292326;ok
RO;6;0;0;error
RO;7;-9.9083241;-63.03354849999999;ok
RO;8;-13.1355346;-60.5438249;ok
RO;9;-11.6694638;-61.18944440000001;ok
RO;10;-10.4391015;-62.4623028;ok
RO;11;-11.4355385;-61.4498756;ok
RO;12;-11.537105;-61.0127235;ok
RO;13;-10.7204707;-62.25745219999999;ok
RO;14;-11.167991;-61.90823809999999;ok
RO;15;-11.7195064;-61.7739728;ok
RO;16;-13.1887756;-60.82092300000001;ok
RO;17;-11.9295832;-62.0093314;ok
RO;18;-11.3540211;-62.28637829999999;ok
RO;19;-11.8954395;-61.7807932;ok
RO;20;0;0;error
RO;21;0;0;error
RO;25;-9.9083241;-63.03354849999999;ok
RO;26;-9.908394099999999;-63.03316899999999;ok
RO;27;-10.4391015;-62.4623028;ok
RO;28;-10.7229188;-62.25808860000001;ok
RO;29;-11.7195064;-61.7739728;ok
RO;30;-10.8776125;-61.9506886;ok
RO;31;-11.4355385;-61.4498756;ok
RO;32;-9.4278616;-62.0066634;ok
RO;33;0;0;error
RO;34;-10.2080547;-63.8275467;ok
RO;35;-11.6924921;-62.71811439999999;ok
RR;1;2.8291691;-60.6643924;ok
RR;2;2.819954;-60.67248290000001;ok
RR;3;2.9907987;-61.3121041;ok
RR;4;0;0;error
RR;5;2.8070334;-60.74539939999999;ok
RR;6;2.4401132;-60.92126769999999;ok
RR;7;4.183923099999999;-61.0092283;ok
RR;8;0;0;error
RS;1;-30.060464;-51.2303981;ok
RS;2;-30.060464;-51.2303981;ok
RS;3;-27.5864675;-52.0955004;ok
RS;4;-28.7293998;-52.84935489999999;ok
RS;5;-29.7900858;-55.76709839999999;ok
RS;6;0;0;error
RS;7;-31.3258282;-54.102398;ok
RS;8;-29.1677159;-51.5091921;ok
RS;9;0;0;error
RS;10;-30.0426727;-52.892862;ok
RS;11;-29.5903234;-51.3765137;ok
RS;12;-30.8552485;-51.8135592;ok
RS;13;-29.6734002;-52.7882093;ok
RS;14;-31.3996033;-52.6771316;ok
RS;15;-28.2877663;-52.7944192;ok
RS;16;-29.166702;-51.1827092;ok
RS;17;-28.6415749;-53.60640919999999;ok
RS;18;-30.9837547;-54.6795475;ok
RS;19;-30.5377044;-52.5183308;ok
RS;20;-27.6349788;-52.2721573;ok
RS;21;-29.5032152;-51.96599759999999;ok
RS;22;0;0;error
RS;23;-28.3862563;-53.9181679;ok
RS;24;-29.1374686;-56.561888;ok
RS;25;-32.5642988;-53.374616;ok
RS;26;-29.4996981;-54.69255949999999;ok
RS;27;-29.2245401;-53.6837941;ok
RS;28;-28.2076425;-51.5289878;ok
RS;29;-29.4648682;-51.9654927;ok
RS;30;-30.8855866;-55.534031;ok
RS;31;-29.6981856;-51.4813061;ok
RS;32;-27.900177;-53.31465799999999;ok
RS;33;-28.2598401;-52.4036781;ok
RS;34;-31.7604587;-52.3235313;ok
RS;35;-31.5776235;-53.381427;ok
RS;36;-30.3911053;-56.44981689999999;ok
RS;37;-32.0309212;-52.0940685;ok
RS;38;-29.982358;-52.371277;ok
RS;39;-30.24588919999999;-54.9200799;ok
RS;40;-29.7182;-52.4323633;ok
RS;41;-29.6916616;-53.8016585;ok
RS;42;-27.8686532;-54.4778563;ok
RS;43;-33.5164711;-53.3554981;ok
RS;44;0;0;error
RS;45;-28.2977513;-54.25933310000001;ok
RS;46;-29.8300407;-50.5211754;ok
RS;47;-28.650993;-56.008046;ok
RS;48;-29.4506654;-50.5829162;ok
RS;49;0;0;error
RS;50;-29.9577189;-51.7248172;ok
RS;51;-29.7615245;-51.1456818;ok
RS;52;-28.4091495;-54.9486389;ok
RS;53;-29.417774;-53.03137280000001;ok
RS;54;-28.8317766;-52.5085416;ok
RS;55;-29.6555113;-50.7858289;ok
RS;56;0;0;error
RS;57;-29.7612135;-57.0792978;ok
RS;58;0;0;error
RS;59;-30.0841179;-51.02463660000001;ok
RS;60;-31.7604587;-52.3235313;ok
RS;61;-29.2310201;-51.3509678;ok
RS;62;-28.448936;-52.204154;ok
RS;63;-28.6698997;-50.4346291;ok
RS;64;-27.4724662;-53.1674622;ok
RS;65;-29.36240039999999;-50.8116304;ok
RS;66;-29.9152409;-51.1829917;ok
RS;67;-29.2387456;-51.8766942;ok
RS;68;-29.0348515;-51.1823008;ok
RS;69;-29.69478429999999;-54.6766875;ok
RS;70;-27.890575;-52.222874;ok
RS;71;-29.9374181;-50.9982632;ok
RS;72;-30.0841179;-51.02463660000001;ok
RS;73;-29.7615245;-51.1456818;ok
RS;74;-29.9974312;-51.074616;ok
RS;75;-28.7827144;-51.6073021;ok
RS;76;-29.6991373;-51.1312439;ok
RS;77;-29.8894619;-50.27307330000001;ok
RS;78;-31.4442645;-53.0997731;ok
RS;79;-29.553275;-55.1301317;ok
RS;80;-31.3624905;-51.97365780000001;ok
RS;81;-29.6207921;-54.1725652;ok
RS;82;-30.1708393;-53.5656227;ok
RS;83;0;0;error
RS;84;-30.6769241;-51.3954455;ok
RS;85;-29.3358727;-49.7281373;ok
RS;86;-27.4554109;-53.9319466;ok
RS;87;-29.0813406;-53.838845;ok
RS;88;-28.9328986;-51.5497916;ok
RS;89;-27.775232;-54.232174;ok
RS;90;-30.1153707;-51.33093;ok
RS;91;-27.5006516;-54.0964539;ok
RS;92;-32.2297197;-53.0836569;ok
RS;93;-29.6102913;-52.19041319999999;ok
RS;94;-27.35746;-53.3974772;ok
RS;95;-27.9513317;-51.8118335;ok
RS;96;-28.1472925;-54.7400962;ok
RS;97;0;0;error
RS;98;0;0;error
RS;99;0;0;error
RS;100;-28.0690224;-52.0132044;ok
RS;101;-27.3715409;-53.75900300000001;ok
RS;102;-27.8260563;-54.6679517;ok
RS;103;-27.7718161;-51.5967892;ok
RS;104;-29.4015663;-51.94314749999999;ok
RS;105;-29.6776859;-51.0601666;ok
RS;106;-29.3708012;-50.8781718;ok
RS;107;-27.8502791;-53.7761805;ok
RS;108;-29.8282148;-51.1499526;ok
RS;109;-28.6261283;-52.8737912;ok
RS;110;-29.9938538;-50.1426159;ok
RS;111;-30.060464;-51.2303981;ok
RS;112;-30.060464;-51.2303981;ok
RS;113;-30.060464;-51.2303981;ok
RS;114;-30.060464;-51.2303981;ok
RS;115;-28.2913188;-53.4991414;ok
RS;116;-30.117907;-51.96074609999999;ok
RS;117;-28.4607836;-52.8150061;ok
RS;118;-29.65162879999999;-51.1747725;ok
RS;119;-29.5793392;-53.4462757;ok
RS;120;-27.6229449;-54.311375;ok
RS;121;-28.6282365;-53.0888407;ok
RS;122;-31.1096466;-50.9179583;ok
RS;123;-31.8663014;-52.8246013;ok
RS;124;-29.9974312;-51.074616;ok
RS;125;0;0;error
RS;126;-29.8282148;-51.1499526;ok
RS;127;-28.0275019;-54.3569685;ok
RS;128;-28.2598401;-52.4036781;ok
RS;129;-29.3747776;-51.1136317;ok
RS;130;-32.0144697;-52.0418566;ok
RS;131;-29.6362908;-51.0090681;ok
RS;132;-27.4866541;-53.397291;ok
RS;133;-29.933333;-51.716667;ok
RS;134;-29.9152409;-51.1829917;ok
RS;135;-29.6916616;-53.8016585;ok
RS;136;-29.166702;-51.1827092;ok
RS;137;-28.9694902;-51.063505;ok
RS;138;-28.562649;-51.9754646;ok
RS;139;-29.931468;-51.0849497;ok
RS;140;-27.7177879;-53.70315919999999;ok
RS;141;-28.4975441;-55.2291323;ok
RS;142;-31.3257263;-54.1023915;ok
RS;143;0;0;error
RS;144;0;0;error
RS;145;-28.8739137;-52.1777723;ok
RS;146;-27.7332805;-52.9987382;ok
RS;147;-29.6916616;-53.8016585;ok
RS;148;-27.6349788;-52.2721573;ok
RS;149;-29.5673717;-50.7990483;ok
RS;150;-29.7611575;-50.0222252;ok
RS;151;-30.2933737;-51.3011201;ok
RS;152;-29.29249739999999;-51.5005623;ok
RS;153;-29.5896522;-51.08800189999999;ok
RS;154;-29.3335282;-53.0888877;ok
RS;155;-28.5176863;-54.0008616;ok
RS;156;-30.2588325;-50.5086094;ok
RS;157;-29.813762;-53.3705943;ok
RS;158;-30.060464;-51.2303981;ok
RS;159;-30.060464;-51.2303981;ok
RS;160;-30.060464;-51.2303981;ok
RS;161;-30.060464;-51.2303981;ok
RS;162;-29.7182;-52.4323633;ok
RS;163;-32.0318345;-52.0885903;ok
RS;164;-31.7604587;-52.3235313;ok
RS;165;-29.45114749999999;-51.3002911;ok
RS;166;-27.9914425;-54.8405125;ok
RS;167;-27.7838871;-52.8076989;ok
RS;168;-27.5540983;-52.5253068;ok
RS;169;-29.166702;-51.1827092;ok
RS;170;-29.9152409;-51.1829917;ok
RS;171;-29.9152409;-51.1829917;ok
RS;172;-29.6991373;-51.1312439;ok
RS;173;-29.9374181;-50.9982632;ok
SC;1;-28.9424305;-49.47692379999999;ok
SC;2;-27.498096;-48.653292;ok
SC;3;-26.9143173;-49.0698258;ok
SC;4;0;0;error
SC;5;-27.0946242;-48.9190419;ok
SC;6;-26.7782177;-51.0058175;ok
SC;7;-27.4031288;-51.2298446;ok
SC;8;-26.1850704;-50.3882917;ok
SC;9;0;0;error
SC;10;-28.6749648;-49.3716516;ok
SC;11;-27.282855;-50.5821037;ok
SC;12;-27.5916045;-48.55026240000001;ok
SC;13;-27.5916045;-48.55026240000001;ok
SC;14;0;0;error
SC;15;-26.8957122;-49.2338186;ok
SC;16;-26.9060681;-48.6696342;ok
SC;17;-26.4917523;-49.0838402;ok
SC;18;-27.175648;-51.507472;ok
SC;19;-26.3045942;-48.8476899;ok
SC;20;-28.4752495;-48.7832303;ok
SC;21;-27.8099647;-50.318358;ok
SC;22;-26.1138822;-49.7980282;ok
SC;23;-28.3626066;-49.2882915;ok
SC;24;-27.6373658;-48.6900004;ok
SC;25;-26.235499;-51.0834638;ok
SC;26;-27.2100911;-49.6429115;ok
SC;27;0;0;error
SC;28;-28.292455;-49.9375873;ok
SC;29;-27.6077796;-48.6259469;ok
SC;30;-26.2494909;-49.3889558;ok
SC;31;-27.2439091;-48.636695;ok
SC;32;-26.8198505;-49.273176;ok
SC;33;0;0;error
SC;34;0;0;error
SC;35;-27.0883644;-52.61697720000001;ok
SC;36;-27.011846;-51.144957;ok
SC;37;-27.3425241;-51.6109827;ok
SC;38;0;0;error
SC;39;0;0;error
SC;40;-27.1063047;-53.4003068;ok
SC;41;0;0;error
SC;42;-28.9237888;-49.6868488;ok
SC;43;0;0;error
SC;44;-28.2741441;-49.1672664;ok
SC;45;0;0;error
SC;46;-27.1242274;-49.9981351;ok
SC;47;-27.104121;-51.2460296;ok
SC;48;-26.9618318;-52.529583;ok
SC;49;-26.3510558;-52.8484833;ok
SC;50;-26.2612006;-53.6308856;ok
SC;51;0;0;error
SC;52;-27.6878941;-51.1295874;ok
SC;53;0;0;error
SC;54;-29.1118283;-49.635391;ok
SC;55;-26.7431469;-49.1752955;ok
SC;56;-26.9986724;-48.6313168;ok
SC;57;-27.3040054;-49.7950678;ok
SC;58;0;0;error
SC;59;-28.0112402;-49.5909197;ok
SC;60;-26.4726098;-48.9951638;ok
SC;61;-27.1518774;-52.310143;ok
SC;62;-28.3445833;-48.8154992;ok
SC;63;0;0;error
SC;64;0;0;error
SC;65;-27.1733884;-53.7115862;ok
SC;66;-26.8438028;-52.9862547;ok
SC;67;-27.6846929;-48.7749449;ok
SC;68;-26.7590366;-48.6778397;ok
SC;69;0;0;error
SC;70;-27.0795277;-53.0033766;ok
SC;71;-26.5670659;-52.3261344;ok
SC;72;-26.4554731;-53.4994236;ok
SC;73;-28.236587;-48.6642857;ok
SC;74;-26.2574482;-49.52357869999999;ok
SC;75;0;0;error
SC;76;-26.3045942;-48.8476899;ok
SC;77;-27.0237715;-50.91649;ok
SC;78;0;0;error
SC;79;-28.7171372;-49.3015692;ok
SC;80;0;0;error
SC;81;0;0;error
SC;82;-26.5340009;-53.3293475;ok
SC;83;-26.892768;-53.16866599999999;ok
SC;84;-27.6077796;-48.6259469;ok
SC;85;-27.175648;-51.507472;ok
SC;86;-27.0946242;-48.9190419;ok
SC;87;0;0;error
SC;88;-26.9143171;-49.0692588;ok
SC;89;-26.9143171;-49.0692588;ok
SC;90;0;0;error
SC;91;-27.1060149;-48.614311;ok
SC;92;-28.6750644;-49.3716173;ok
SC;93;0;0;error
SC;94;-27.0883644;-52.61697720000001;ok
SC;95;-26.3045942;-48.8476899;ok
SC;96;-26.3045942;-48.8476899;ok
SC;97;-26.9060681;-48.6696342;ok
SC;98;-28.6749648;-49.3716516;ok
SC;99;-28.4811839;-49.0043744;ok
SC;100;-27.5916045;-48.55026240000001;ok
SC;102;-27.2100911;-49.6429115;ok
SC;103;-26.9986724;-48.6313168;ok
SC;104;-27.8099647;-50.318358;ok
SC;105;-26.3045942;-48.8476899;ok
SP;1;-23.5544189;-46.6385127;ok
SP;2;-23.5305224;-46.6734004;ok
SP;3;-23.5270071;-46.6372642;ok
SP;4;-23.5606234;-46.5977885;ok
SP;5;-23.5846068;-46.67969069999999;ok
SP;6;-23.5995765;-46.6451218;ok
SP;7;-22.4710018;-48.9922167;ok
SP;8;-22.7015131;-46.7671044;ok
SP;9;-20.8887201;-51.3760418;ok
SP;10;-24.5105692;-48.8432188;ok
SP;11;-21.2132103;-50.447392;ok
SP;12;0;0;error
SP;13;-21.7933828;-48.1803022;ok
SP;14;-22.3651742;-47.3823979;ok
SP;15;-22.6560623;-50.42193409999999;ok
SP;16;-23.1144446;-46.5536635;ok
SP;17;-23.1049969;-48.9243213;ok
SP;18;-22.6832766;-44.3223131;ok
SP;19;-22.0708207;-48.737286;ok
SP;20;-23.6671034;-46.7725877;ok
SP;21;-20.5604617;-48.5674499;ok
SP;22;-20.8942313;-47.5864317;ok
SP;23;-22.3310545;-49.0674998;ok
SP;24;-20.9475394;-48.4787453;ok
SP;25;-21.2877316;-50.3398608;ok
SP;26;-22.8869435;-48.43523099999999;ok
SP;27;0;0;error
SP;28;-22.2879874;-48.12630559999999;ok
SP;29;-23.1011657;-45.7017241;ok
SP;30;-21.5283621;-46.64317440000001;ok
SP;31;-21.8036004;-49.6096063;ok
SP;32;-21.2755223;-47.3030544;ok
SP;33;-22.9046903;-47.0610693;ok
SP;34;-22.9706392;-46.9940887;ok
SP;35;-22.7399643;-45.59269219999999;ok
SP;36;0;0;error
SP;37;-24.0089965;-48.3390329;ok
SP;38;-22.9999814;-47.5082829;ok
SP;39;-21.7800269;-47.0803376;ok
SP;40;-21.1394744;-48.9788591;ok
SP;41;-23.0143293;-48.0077242;ok
SP;42;-22.570715;-44.96359959999999;ok
SP;43;0;0;error
SP;44;-21.9088072;-47.6208537;ok
SP;45;-22.3699374;-48.3840419;ok
SP;46;-20.5369977;-47.39263159999999;ok
SP;47;-22.2101247;-49.6510209;ok
SP;48;-22.8157216;-45.1891865;ok
SP;49;-21.7579757;-48.8323252;ok
SP;50;-20.0418058;-47.75123300000001;ok
SP;51;-24.7058031;-47.5595812;ok
SP;52;-23.59112;-48.0498769;ok
SP;53;-23.9880011;-48.8899404;ok
SP;54;-22.435566;-46.8236546;ok
SP;55;-21.5936984;-48.8129325;ok
SP;56;-23.710149;-49.4862279;ok
SP;57;-24.116012;-49.3392029;ok
SP;58;-23.0070759;-46.8344599;ok
SP;59;-23.2595006;-47.2963532;ok
SP;60;-20.3396198;-47.7839932;ok
SP;61;-21.2582405;-48.3200058;ok
SP;62;-23.3039714;-45.9600565;ok
SP;63;-22.2952938;-48.55126689999999;ok
SP;64;-21.052716;-49.68589559999999;ok
SP;65;-23.1792309;-46.888459;ok
SP;66;-22.5669041;-47.4027298;ok
SP;67;-21.6717491;-49.7565308;ok
SP;68;-22.7314377;-45.1278909;ok
SP;69;-21.722353;-51.0210406;ok
SP;70;-22.213344;-49.9485649;ok
SP;71;-22.1475989;-51.1734551;ok
SP;72;0;0;error
SP;73;-21.4651178;-47.0075815;ok
SP;74;-23.5203925;-46.1931242;ok
SP;75;-22.4363166;-46.9622761;ok
SP;76;-21.2624211;-48.4909688;ok
SP;77;-20.7643422;-49.7099685;ok
SP;78;-20.5341043;-49.3181822;ok
SP;79;-21.4681633;-49.2253879;ok
SP;80;-20.7434494;-48.9144064;ok
SP;81;-20.7186111;-47.8869798;ok
SP;82;-22.9816693;-49.87737449999999;ok
SP;83;-22.7911245;-50.2108236;ok
SP;84;-23.3897971;-45.6591945;ok
SP;85;-20.6402609;-47.2819973;ok
SP;86;-22.339644;-48.7563247;ok
SP;87;-21.4190126;-50.0771638;ok
SP;88;-20.6439762;-51.10497179999999;ok
SP;89;-23.7138988;-47.4179778;ok
SP;90;-22.9227082;-45.4678027;ok
SP;91;-22.1924715;-46.7474303;ok
SP;92;-23.0566741;-46.3566543;ok
SP;93;-22.7252631;-47.6470971;ok
SP;94;-23.1938607;-49.3847321;ok
SP;95;-21.9944381;-49.4576564;ok
SP;96;-21.9966771;-47.4240675;ok
SP;97;-22.4154677;-49.1426645;ok
SP;98;-21.0091213;-48.2137119;ok
SP;99;0;0;error
SP;100;-23.2158673;-47.5244667;ok
SP;101;-22.1198702;-51.3828463;ok
SP;102;-21.871196;-51.8421303;ok
SP;103;-21.5400804;-49.8584188;ok
SP;104;-22.2492213;-50.6985124;ok
SP;105;0;0;error
SP;106;-22.2265769;-50.8928825;ok
SP;107;-22.0677297;-48.1782477;ok
SP;108;-21.176866;-47.8061977;ok
SP;109;-21.2052921;-47.6018273;ok
SP;110;-22.4135968;-47.5637762;ok
SP;111;0;0;error
SP;112;-23.3963656;-45.8864065;ok
SP;113;-21.8279009;-47.2513995;ok
SP;114;-22.9007215;-49.6264414;ok
SP;115;-23.3236219;-46.2306253;ok
SP;116;-21.7112846;-47.4816853;ok
SP;117;-21.9756659;-51.6528831;ok
SP;118;-23.9352198;-46.3300685;ok
SP;119;-23.8877745;-46.421826;ok
SP;120;-22.6875975;-45.73162079999999;ok
SP;121;-22.0126298;-47.892744;ok
SP;122;-21.9667793;-46.7969745;ok
SP;123;-20.5792484;-47.8590028;ok
SP;124;-21.5957198;-46.8871456;ok
SP;125;0;0;error
SP;126;-20.8292722;-49.3873042;ok
SP;127;-23.1935439;-45.8893835;ok
SP;128;-23.2311369;-45.3086099;ok
SP;129;-22.7426648;-48.5703628;ok
SP;130;-22.5550953;-47.91026309999999;ok
SP;131;-23.5335733;-47.1343708;ok
SP;132;-23.8006615;-45.4006836;ok
SP;133;-21.4768962;-47.551521;ok
SP;134;-22.6116805;-46.7015178;ok
SP;135;-21.1396438;-47.9847143;ok
SP;136;0;0;error
SP;137;-23.5107012;-47.4698163;ok
SP;138;-20.6264373;-49.6509296;ok
SP;139;0;0;error
SP;140;-23.350735;-47.8466172;ok
SP;141;-23.021227;-45.5548162;ok
SP;142;-23.0999858;-47.7155419;ok
SP;143;-21.9326509;-50.5223765;ok
SP;144;-23.4348665;-45.0734533;ok
SP;145;-22.6667149;-45.0074956;ok
SP;146;-21.2226888;-50.8640912;ok
SP;147;-20.4223713;-49.9757898;ok
SP;148;0;0;error
SP;149;-21.4857874;-51.5344711;ok
SP;150;-20.2779637;-50.2433712;ok
SP;151;-21.2536944;-50.6421341;ok
SP;152;-20.2781265;-50.5555506;ok
SP;153;-21.1318136;-51.1039745;ok
SP;154;-21.5601884;-51.2689873;ok
SP;155;-20.2539246;-47.4779011;ok
SP;156;-23.6589082;-46.5334486;ok
SP;157;-21.689136;-51.0703504;ok
SP;158;-22.7447359;-47.33159209999999;ok
SP;159;-22.4157727;-49.4080745;ok
SP;160;-21.798367;-49.9297398;ok
SP;161;-22.6001357;-48.7991928;ok
SP;162;-20.6947553;-50.04323189999999;ok
SP;163;-21.7920283;-50.8890484;ok
SP;164;-20.0315896;-49.4024921;ok
SP;165;-22.0110067;-51.5532477;ok
SP;166;-23.6137597;-46.5762347;ok
SP;167;-22.2183722;-51.30340409999999;ok
SP;168;-20.6466666;-50.35937329999999;ok
SP;169;-22.1337968;-51.3973237;ok
SP;170;-21.6029019;-48.3635025;ok
SP;171;-20.9045813;-48.6375012;ok
SP;172;-24.4993042;-47.8481569;ok
SP;173;-21.4789984;-47.3634143;ok
SP;174;-23.7067079;-46.5474141;ok
SP;175;-21.3895431;-51.5719264;ok
SP;176;0;0;error
SP;177;-23.9676317;-46.37692029999999;ok
SP;178;-20.7154667;-48.53633079999999;ok
SP;179;-21.143117;-48.9748293;ok
SP;180;-22.213344;-49.9485649;ok
SP;181;-23.5375208;-46.3125148;ok
SP;182;-22.117492;-51.3923771;ok
SP;183;-23.7118451;-46.4152734;ok
SP;184;-21.9326509;-50.5223765;ok
SP;185;-23.4684836;-46.5163918;ok
SP;186;-22.763415;-47.3935586;ok
SP;187;-20.2115744;-50.92440509999999;ok
SP;188;-22.185452;-47.3858769;ok
SP;189;-24.1789701;-46.7800509;ok
SP;190;-22.8376937;-45.2234074;ok
SP;191;-23.6626488;-47.2264307;ok
SP;192;-23.3302572;-46.7275478;ok
SP;193;-21.3392696;-47.7311661;ok
SP;194;-21.853226;-47.4784959;ok
SP;195;-21.7620518;-52.1040954;ok
SP;196;-21.5146219;-51.4388131;ok
SP;197;-21.3634777;-48.227461;ok
SP;198;-21.7094956;-47.27104;ok
SP;199;-23.5108974;-46.8804585;ok
SP;200;-22.4956788;-48.5569409;ok
SP;201;-23.7190717;-46.8464348;ok
SP;202;-21.0240774;-47.3722552;ok
SP;203;-20.8744769;-48.2982561;ok
SP;204;-21.0180892;-47.76103089999999;ok
SP;205;-23.0365847;-49.1642064;ok
SP;206;-23.6202005;-45.4017787;ok
SP;207;-21.2049535;-49.294406;ok
SP;208;-20.1814417;-48.0323638;ok
SP;209;-23.0510503;-47.838004;ok
SP;210;-21.406645;-50.4714019;ok
SP;211;-23.0855179;-47.2113069;ok
SP;212;-23.9928875;-46.2555471;ok
SP;213;-23.5354891;-46.7788236;ok
SP;214;0;0;error
SP;215;-23.4922831;-48.41684770000001;ok
SP;216;-22.3637844;-46.9488087;ok
SP;217;-23.6672547;-46.4557272;ok
SP;218;-24.2832076;-47.4561911;ok
SP;219;-23.5222414;-46.34222949999999;ok
SP;220;-23.5442028;-47.4503709;ok
SP;221;-23.2038749;-47.2902044;ok
SP;222;-23.69251;-46.6201219;ok
SP;223;0;0;error
SP;224;-23.5524615;-46.68854;ok
SP;225;-20.6890345;-50.5528472;ok
SP;226;-22.7429175;-50.390496;ok
SP;227;-23.6025242;-46.9073029;ok
SP;228;-24.7007859;-48.00446059999999;ok
SP;229;-21.8313533;-46.8950881;ok
SP;230;-22.8170132;-47.2698359;ok
SP;231;-20.3915803;-49.43260919999999;ok
SP;232;-20.4170352;-50.7623335;ok
SP;233;-20.2883483;-50.39449399999999;ok
SP;234;-23.3881036;-49.5104587;ok
SP;235;-20.7341993;-47.75170199999999;ok
SP;236;-23.5350649;-49.2461171;ok
SP;237;-23.319788;-46.588469;ok
SP;238;-22.2926211;-51.9085265;ok
SP;239;-21.7861414;-48.175513;ok
SP;240;-20.5369977;-47.39263159999999;ok
SP;241;-22.296536;-48.5527394;ok
SP;242;-23.2097221;-46.848045;ok
SP;243;-22.4825334;-47.4585467;ok
SP;244;-22.7252386;-47.6470835;ok
SP;245;-22.417974;-47.5681707;ok
SP;246;-23.6474727;-46.7085049;ok
SP;247;-23.4993989;-46.4251926;ok
SP;248;-23.5348955;-46.44932110000001;ok
SP;249;-23.4976854;-46.6158744;ok
SP;250;-23.5268531;-46.7033562;ok
SP;251;-23.5624255;-46.6981742;ok
SP;252;-23.5247598;-46.5309227;ok
SP;253;-23.5405166;-46.5706109;ok
SP;254;-23.5131516;-46.584736;ok
SP;255;-23.5025288;-46.6584923;ok
SP;256;-23.4580697;-46.6193567;ok
SP;257;-23.5791948;-46.5867727;ok
SP;258;-23.6094271;-46.6591208;ok
SP;259;-23.6139638;-46.6365471;ok
SP;260;-23.5960347;-46.6065036;ok
SP;261;-22.2721804;-51.4993113;ok
SP;262;-23.6671239;-46.52206289999999;ok
SP;263;-23.6474055;-46.5212935;ok
SP;264;-23.634005;-46.5321451;ok
SP;265;-21.1768387;-47.8061723;ok
SP;266;-21.1768387;-47.8061723;ok
SP;267;-20.8041472;-49.3877106;ok
SP;268;-20.8041472;-49.3877106;ok
SP;269;-23.6137597;-46.5762347;ok
SP;270;-22.7252386;-47.6470835;ok
SP;271;-23.5107012;-47.4698163;ok
SP;272;-23.9842602;-46.2962789;ok
SP;273;-23.9512468;-46.3368003;ok
SP;274;-22.9046903;-47.0610693;ok
SP;275;-22.9046903;-47.0610693;ok
SP;276;-23.5589265;-46.7765432;ok
SP;277;-23.5313783;-46.7969057;ok
SP;278;0;0;error
SP;279;-23.4671708;-46.5278128;ok
SP;280;-23.6800635;-46.7128871;ok
SP;281;-23.1903897;-46.8798203;ok
SP;282;-23.1935439;-45.8893835;ok
SP;283;-23.6960196;-46.5529987;ok
SP;284;-23.650347;-46.5709656;ok
SP;285;-23.5420743;-46.7791959;ok
SP;286;-23.6052508;-46.9394141;ok
SP;287;-23.5204893;-46.1930331;ok
SP;288;-22.4156321;-47.5602619;ok
SP;289;-21.4190126;-50.0771638;ok
SP;290;-22.6560623;-50.42193409999999;ok
SP;291;-20.5333133;-47.412576;ok
SP;292;0;0;error
SP;293;-21.1768387;-47.8061723;ok
SP;294;-23.5036146;-47.4743661;ok
SP;295;0;0;error
SP;296;-23.709383;-46.5519184;ok
SP;297;-21.6717491;-49.7565308;ok
SP;298;-22.9604131;-46.5415656;ok
SP;299;-21.2132103;-50.447392;ok
SP;300;-22.317774;-49.0762037;ok
SP;301;-23.1001084;-48.9271118;ok
SP;302;-20.2846918;-50.245867;ok
SP;303;-23.523267;-46.83564;ok
SP;304;-23.5260213;-46.90088910000001;ok
SP;305;-21.176866;-47.8061977;ok
SP;306;-23.6536199;-46.5394719;ok
SP;307;-23.6672706;-46.5209065;ok
SP;308;-23.6406579;-46.5268394;ok
SP;309;-23.6388414;-46.5218335;ok
SP;310;-23.9483325;-46.2961015;ok
SP;311;-21.9966771;-47.4240675;ok
SP;312;-20.8041472;-49.3877106;ok
SP;313;-22.9872536;-49.8668659;ok
SP;314;-22.9603367;-45.5427468;ok
SP;315;-23.5570977;-46.7989766;ok
SP;316;-22.8157216;-45.1891865;ok
SP;317;-24.011154;-46.42114369999999;ok
SP;318;-23.8775611;-47.99264609999999;ok
SP;319;-23.520408;-46.1930871;ok
SP;320;-23.6515019;-46.6379437;ok
SP;321;-23.6587225;-46.5362087;ok
SP;322;-21.1768387;-47.8061723;ok
SP;323;-22.7663034;-47.1509535;ok
SP;324;-23.6118031;-46.75940199999999;ok
SP;325;-23.4891688;-46.7290485;ok
SP;326;-23.4994727;-46.487347;ok
SP;327;-23.5018422;-46.7002164;ok
SP;328;-23.6319379;-46.7693834;ok
SP;329;-23.6872417;-46.6193788;ok
SP;330;0;0;error
SP;331;-23.5184582;-46.7888392;ok
SP;332;-23.5427411;-46.770198;ok
SP;333;-22.7359005;-46.8961972;ok
SP;334;-22.0586962;-46.975828;ok
SP;335;-23.3934434;-46.3269519;ok
SP;336;-20.7356197;-48.0561636;ok
SP;337;0;0;error
SP;338;-20.4315339;-47.827222;ok
SP;339;0;0;error
SP;340;-23.968134;-46.39063429999999;ok
SP;341;-23.6504799;-46.8561859;ok
SP;342;-23.5107012;-47.4698163;ok
SP;343;-23.5107012;-47.4698163;ok
SP;344;-23.2023571;-46.7931509;ok
SP;345;-23.0367666;-46.9852739;ok
SP;346;-23.5943438;-46.7295856;ok
SP;347;-23.5449254;-46.5149424;ok
SP;348;-23.5659151;-46.543848;ok
SP;349;-23.4644866;-46.5845821;ok
SP;350;-23.586088;-46.53338189999999;ok
SP;351;-23.654581;-46.66955189999999;ok
SP;352;-23.49749;-46.4031153;ok
SP;353;-23.5462655;-46.41682369999999;ok
SP;354;-23.3352109;-46.8360772;ok
SP;355;-23.1655932;-47.7395058;ok
SP;356;-23.5107012;-47.4698163;ok
SP;357;-23.5107012;-47.4698163;ok
SP;358;-22.950637;-47.3186139;ok
SP;359;-23.542523;-46.9372227;ok
SP;360;-22.6460354;-47.1993276;ok
SP;361;-22.8807012;-47.19633049999999;ok
SP;362;-22.8096555;-47.22976310000001;ok
SP;363;-22.6096914;-50.66792419999999;ok
SP;364;-23.669778;-46.4636739;ok
SP;365;-23.6710203;-46.4555748;ok
SP;366;-21.7096935;-46.8236597;ok
SP;367;-23.2804793;-46.7473845;ok
SP;368;-20.4204576;-51.3331982;ok
SP;369;-23.2799458;-47.6753651;ok
SP;370;-23.8293361;-46.8129758;ok
SP;371;-23.7130469;-46.69683190000001;ok
SP;372;-23.6865564;-46.770485;ok
SP;373;-23.6518452;-46.7582904;ok
SP;374;-23.5733181;-46.7251749;ok
SP;375;-23.6103129;-46.4758011;ok
SP;376;-23.4978802;-46.6941332;ok
SP;377;-23.4847622;-46.3529575;ok
SP;378;-22.9073917;-47.05926909999999;ok
SP;379;-22.9046903;-47.0610693;ok
SP;380;-22.9046903;-47.0610693;ok
SP;381;-23.7167424;-46.6925333;ok
SP;382;-23.714267;-46.415459;ok
SP;383;-23.6662099;-46.50652900000001;ok
SP;384;-22.7401748;-47.3057685;ok
SP;385;-21.7711234;-48.1600306;ok
SP;386;-23.5021255;-46.8724022;ok
SP;387;-22.3317882;-49.0704696;ok
SP;388;-23.523267;-46.83564;ok
SP;389;-23.4051562;-46.73873649999999;ok
SP;390;-23.5109971;-46.5427519;ok
SP;391;-23.6583469;-46.80515519999999;ok
SP;392;-23.5089138;-46.4954093;ok
SP;393;-23.4481151;-46.54809059999999;ok
SP;394;-23.4496677;-46.4756387;ok
SP;395;-23.4493407;-46.474964;ok
SP;396;-23.3042072;-45.9620689;ok
SP;397;-23.5024192;-46.4220987;ok
SP;398;-23.4982219;-46.4531825;ok
SP;399;-22.5623909;-47.40459;ok
SP;400;-22.213344;-49.9485649;ok
SP;401;-23.5429992;-46.3660329;ok
SP;402;-22.1378791;-51.3970315;ok
SP;403;-23.4524847;-46.7356391;ok
SP;404;-23.5583983;-46.40063;ok
SP;405;-23.538743;-46.4268813;ok
SP;406;-24.0278623;-46.4746131;ok
SP;407;-23.0360246;-45.5755217;ok
SP;408;-23.6499155;-46.748953;ok
SP;409;-23.7022918;-46.5542721;ok
SP;410;-22.0127579;-47.8927398;ok
SP;411;-23.1935439;-45.8893835;ok
SP;412;-23.1935439;-45.8893835;ok
SP;413;-23.6346419;-46.615709;ok
SP;414;-23.6995874;-46.5470061;ok
SP;415;-23.5426387;-46.3123479;ok
SP;416;-23.6243537;-46.7816915;ok
SP;417;-23.5538702;-46.4660409;ok
SP;418;-23.6886652;-46.6799812;ok
SP;419;-23.4859261;-46.3525613;ok
SP;420;-23.4790924;-46.5782248;ok
SP;421;-23.6002702;-46.5010076;ok
SP;422;-23.4721688;-46.62984549999999;ok
SP;423;-22.9046903;-47.0610693;ok
SP;424;-23.1792309;-46.888459;ok
SP;426;-23.6823699;-46.62586839999999;ok
TO;1;0;0;error
TO;2;0;0;error
TO;3;-10.7109867;-48.4100185;ok
TO;4;-8.065034599999999;-48.47195079999999;ok
TO;5;0;0;error
TO;6;0;0;error
TO;7;0;0;error
TO;8;-7.339274899999999;-47.4976169;ok
TO;9;-6.327768;-47.427851;ok
TO;10;0;0;error
TO;11;-5.7713648;-47.4803473;ok
TO;12;0;0;error
TO;13;0;0;error
TO;14;0;0;error
TO;15;0;0;error
TO;16;0;0;error
TO;17;0;0;error
TO;18;-12.6137412;-47.88065109999999;ok
TO;19;0;0;error
TO;20;0;0;error
TO;21;0;0;error
TO;22;0;0;error
TO;23;-8.9852128;-48.1705253;ok
TO;24;0;0;error
TO;25;-11.6182456;-46.8232198;ok
TO;26;-10.7478706;-47.5370451;ok
TO;27;-6.8373874;-47.9712592;ok
TO;28;-9.5220047;-48.5887251;ok
TO;29;-10.188757;-48.325052;ok
TO;30;0;0;error
TO;31;0;0;error
TO;32;0;0;error
TO;33;0;0;error
TO;34;-7.1857335;-48.2123825;ok
TO;35;0;0;error
